Date,Alabama New Confirmed,Alaska New Confirmed,American Samoa New Confirmed,Arizona New Confirmed,Arkansas New Confirmed,California New Confirmed,Colorado New Confirmed,Connecticut New Confirmed,Delaware New Confirmed,District of Columbia New Confirmed,Florida New Confirmed,Georgia New Confirmed,Guam New Confirmed,Hawaii New Confirmed,Idaho New Confirmed,Illinois New Confirmed,Indiana New Confirmed,Iowa New Confirmed,Kansas New Confirmed,Kentucky New Confirmed,Louisiana New Confirmed,Maine New Confirmed,Maryland New Confirmed,Massachusetts New Confirmed,Michigan New Confirmed,Minnesota New Confirmed,Mississippi New Confirmed,Missouri New Confirmed,Montana New Confirmed,Nebraska New Confirmed,Nevada New Confirmed,New Hampshire New Confirmed,New Jersey New Confirmed,New Mexico New Confirmed,New York New Confirmed,North Carolina New Confirmed,North Dakota New Confirmed,Northern Mariana Islands New Confirmed,Ohio New Confirmed,Oklahoma New Confirmed,Oregon New Confirmed,Pennsylvania New Confirmed,Puerto Rico New Confirmed,Rhode Island New Confirmed,South Carolina New Confirmed,South Dakota New Confirmed,Tennessee New Confirmed,Texas New Confirmed,Utah New Confirmed,Vermont New Confirmed,Virgin Islands New Confirmed,Virginia New Confirmed,Washington New Confirmed,West Virginia New Confirmed,Wisconsin New Confirmed,Wyoming New Confirmed,Alabama New Deaths,Alaska New Deaths,American Samoa New Deaths,Arizona New Deaths,Arkansas New Deaths,California New Deaths,Colorado New Deaths,Connecticut New Deaths,Delaware New Deaths,District of Columbia New Deaths,Florida New Deaths,Georgia New Deaths,Guam New Deaths,Hawaii New Deaths,Idaho New Deaths,Illinois New Deaths,Indiana New Deaths,Iowa New Deaths,Kansas New Deaths,Kentucky New Deaths,Louisiana New Deaths,Maine New Deaths,Maryland New Deaths,Massachusetts New Deaths,Michigan New Deaths,Minnesota New Deaths,Mississippi New Deaths,Missouri New Deaths,Montana New Deaths,Nebraska New Deaths,Nevada New Deaths,New Hampshire New Deaths,New Jersey New Deaths,New Mexico New Deaths,New York New Deaths,North Carolina New Deaths,North Dakota New Deaths,Northern Mariana Islands New Deaths,Ohio New Deaths,Oklahoma New Deaths,Oregon New Deaths,Pennsylvania New Deaths,Puerto Rico New Deaths,Rhode Island New Deaths,South Carolina New Deaths,South Dakota New Deaths,Tennessee New Deaths,Texas New Deaths,Utah New Deaths,Vermont New Deaths,Virgin Islands New Deaths,Virginia New Deaths,Washington New Deaths,West Virginia New Deaths,Wisconsin New Deaths,Wyoming New Deaths,Alabama Total Confirmed,Alaska Total Confirmed,American Samoa Total Confirmed,Arizona Total Confirmed,Arkansas Total Confirmed,California Total Confirmed,Colorado Total Confirmed,Connecticut Total Confirmed,Delaware Total Confirmed,District of Columbia Total Confirmed,Florida Total Confirmed,Georgia Total Confirmed,Guam Total Confirmed,Hawaii Total Confirmed,Idaho Total Confirmed,Illinois Total Confirmed,Indiana Total Confirmed,Iowa Total Confirmed,Kansas Total Confirmed,Kentucky Total Confirmed,Louisiana Total Confirmed,Maine Total Confirmed,Maryland Total Confirmed,Massachusetts Total Confirmed,Michigan Total Confirmed,Minnesota Total Confirmed,Mississippi Total Confirmed,Missouri Total Confirmed,Montana Total Confirmed,Nebraska Total Confirmed,Nevada Total Confirmed,New Hampshire Total Confirmed,New Jersey Total Confirmed,New Mexico Total Confirmed,New York Total Confirmed,North Carolina Total Confirmed,North Dakota Total Confirmed,Northern Mariana Islands Total Confirmed,Ohio Total Confirmed,Oklahoma Total Confirmed,Oregon Total Confirmed,Pennsylvania Total Confirmed,Puerto Rico Total Confirmed,Rhode Island Total Confirmed,South Carolina Total Confirmed,South Dakota Total Confirmed,Tennessee Total Confirmed,Texas Total Confirmed,Utah Total Confirmed,Vermont Total Confirmed,Virgin Islands Total Confirmed,Virginia Total Confirmed,Washington Total Confirmed,West Virginia Total Confirmed,Wisconsin Total Confirmed,Wyoming Total Confirmed,Alabama Total Deaths,Alaska Total Deaths,American Samoa Total Deaths,Arizona Total Deaths,Arkansas Total Deaths,California Total Deaths,Colorado Total Deaths,Connecticut Total Deaths,Delaware Total Deaths,District of Columbia Total Deaths,Florida Total Deaths,Georgia Total Deaths,Guam Total Deaths,Hawaii Total Deaths,Idaho Total Deaths,Illinois Total Deaths,Indiana Total Deaths,Iowa Total Deaths,Kansas Total Deaths,Kentucky Total Deaths,Louisiana Total Deaths,Maine Total Deaths,Maryland Total Deaths,Massachusetts Total Deaths,Michigan Total Deaths,Minnesota Total Deaths,Mississippi Total Deaths,Missouri Total Deaths,Montana Total Deaths,Nebraska Total Deaths,Nevada Total Deaths,New Hampshire Total Deaths,New Jersey Total Deaths,New Mexico Total Deaths,New York Total Deaths,North Carolina Total Deaths,North Dakota Total Deaths,Northern Mariana Islands Total Deaths,Ohio Total Deaths,Oklahoma Total Deaths,Oregon Total Deaths,Pennsylvania Total Deaths,Puerto Rico Total Deaths,Rhode Island Total Deaths,South Carolina Total Deaths,South Dakota Total Deaths,Tennessee Total Deaths,Texas Total Deaths,Utah Total Deaths,Vermont Total Deaths,Virgin Islands Total Deaths,Virginia Total Deaths,Washington Total Deaths,West Virginia Total Deaths,Wisconsin Total Deaths,Wyoming Total Deaths
1/23/20,0.0,0.0,0.0,0.0,0.0,0.0,0.0,0.0,0.0,0.0,0.0,0.0,0.0,0.0,0.0,0.0,0.0,0.0,0.0,0.0,0.0,0.0,0.0,0.0,0.0,0.0,0.0,0.0,0.0,0.0,0.0,0.0,0.0,0.0,0.0,0.0,0.0,0.0,0.0,0.0,0.0,0.0,0.0,0.0,0.0,0.0,0.0,0.0,0.0,0.0,0.0,0.0,0.0,0.0,0.0,0.0,0.0,0.0,0.0,0.0,0.0,0.0,0.0,0.0,0.0,0.0,0.0,0.0,0.0,0.0,0.0,0.0,0.0,0.0,0.0,0.0,0.0,0.0,0.0,0.0,0.0,0.0,0.0,0.0,0.0,0.0,0.0,0.0,0.0,0.0,0.0,0.0,0.0,0.0,0.0,0.0,0.0,0.0,0.0,0.0,0.0,0.0,0.0,0.0,0.0,0.0,0.0,0.0,0.0,0.0,0.0,0.0,0,0,0,0,0,0,0,0,0,0,0,0,0,0,0,0,0,0,0,0,0,0,0,0,0,0,0,0,0,0,0,0,0,0,0,0,0,0,0,0,0,0,0,0,0,0,0,0,0,0,0,0,1,0,0,0,0,0,0,0,0,0,0,0,0,0,0,0,0,0,0,0,0,0,0,0,0,0,0,0,0,0,0,0,0,0,0,0,0,0,0,0,0,0,0,0,0,0,0,0,0,0,0,0,0,0,0,0,0,0,0,0
1/24/20,0.0,0.0,0.0,0.0,0.0,0.0,0.0,0.0,0.0,0.0,0.0,0.0,0.0,0.0,0.0,1.0,0.0,0.0,0.0,0.0,0.0,0.0,0.0,0.0,0.0,0.0,0.0,0.0,0.0,0.0,0.0,0.0,0.0,0.0,0.0,0.0,0.0,0.0,0.0,0.0,0.0,0.0,0.0,0.0,0.0,0.0,0.0,0.0,0.0,0.0,0.0,0.0,0.0,0.0,0.0,0.0,0.0,0.0,0.0,0.0,0.0,0.0,0.0,0.0,0.0,0.0,0.0,0.0,0.0,0.0,0.0,0.0,0.0,0.0,0.0,0.0,0.0,0.0,0.0,0.0,0.0,0.0,0.0,0.0,0.0,0.0,0.0,0.0,0.0,0.0,0.0,0.0,0.0,0.0,0.0,0.0,0.0,0.0,0.0,0.0,0.0,0.0,0.0,0.0,0.0,0.0,0.0,0.0,0.0,0.0,0.0,0.0,0,0,0,0,0,0,0,0,0,0,0,0,0,0,0,1,0,0,0,0,0,0,0,0,0,0,0,0,0,0,0,0,0,0,0,0,0,0,0,0,0,0,0,0,0,0,0,0,0,0,0,0,1,0,0,0,0,0,0,0,0,0,0,0,0,0,0,0,0,0,0,0,0,0,0,0,0,0,0,0,0,0,0,0,0,0,0,0,0,0,0,0,0,0,0,0,0,0,0,0,0,0,0,0,0,0,0,0,0,0,0,0
1/25/20,0.0,0.0,0.0,0.0,0.0,0.0,0.0,0.0,0.0,0.0,0.0,0.0,0.0,0.0,0.0,0.0,0.0,0.0,0.0,0.0,0.0,0.0,0.0,0.0,0.0,0.0,0.0,0.0,0.0,0.0,0.0,0.0,0.0,0.0,0.0,0.0,0.0,0.0,0.0,0.0,0.0,0.0,0.0,0.0,0.0,0.0,0.0,0.0,0.0,0.0,0.0,0.0,0.0,0.0,0.0,0.0,0.0,0.0,0.0,0.0,0.0,0.0,0.0,0.0,0.0,0.0,0.0,0.0,0.0,0.0,0.0,0.0,0.0,0.0,0.0,0.0,0.0,0.0,0.0,0.0,0.0,0.0,0.0,0.0,0.0,0.0,0.0,0.0,0.0,0.0,0.0,0.0,0.0,0.0,0.0,0.0,0.0,0.0,0.0,0.0,0.0,0.0,0.0,0.0,0.0,0.0,0.0,0.0,0.0,0.0,0.0,0.0,0,0,0,0,0,0,0,0,0,0,0,0,0,0,0,1,0,0,0,0,0,0,0,0,0,0,0,0,0,0,0,0,0,0,0,0,0,0,0,0,0,0,0,0,0,0,0,0,0,0,0,0,1,0,0,0,0,0,0,0,0,0,0,0,0,0,0,0,0,0,0,0,0,0,0,0,0,0,0,0,0,0,0,0,0,0,0,0,0,0,0,0,0,0,0,0,0,0,0,0,0,0,0,0,0,0,0,0,0,0,0,0
1/26/20,0.0,0.0,0.0,1.0,0.0,2.0,0.0,0.0,0.0,0.0,0.0,0.0,0.0,0.0,0.0,0.0,0.0,0.0,0.0,0.0,0.0,0.0,0.0,0.0,0.0,0.0,0.0,0.0,0.0,0.0,0.0,0.0,0.0,0.0,0.0,0.0,0.0,0.0,0.0,0.0,0.0,0.0,0.0,0.0,0.0,0.0,0.0,0.0,0.0,0.0,0.0,0.0,0.0,0.0,0.0,0.0,0.0,0.0,0.0,0.0,0.0,0.0,0.0,0.0,0.0,0.0,0.0,0.0,0.0,0.0,0.0,0.0,0.0,0.0,0.0,0.0,0.0,0.0,0.0,0.0,0.0,0.0,0.0,0.0,0.0,0.0,0.0,0.0,0.0,0.0,0.0,0.0,0.0,0.0,0.0,0.0,0.0,0.0,0.0,0.0,0.0,0.0,0.0,0.0,0.0,0.0,0.0,0.0,0.0,0.0,0.0,0.0,0,0,0,1,0,2,0,0,0,0,0,0,0,0,0,1,0,0,0,0,0,0,0,0,0,0,0,0,0,0,0,0,0,0,0,0,0,0,0,0,0,0,0,0,0,0,0,0,0,0,0,0,1,0,0,0,0,0,0,0,0,0,0,0,0,0,0,0,0,0,0,0,0,0,0,0,0,0,0,0,0,0,0,0,0,0,0,0,0,0,0,0,0,0,0,0,0,0,0,0,0,0,0,0,0,0,0,0,0,0,0,0
1/27/20,0.0,0.0,0.0,0.0,0.0,0.0,0.0,0.0,0.0,0.0,0.0,0.0,0.0,0.0,0.0,0.0,0.0,0.0,0.0,0.0,0.0,0.0,0.0,0.0,0.0,0.0,0.0,0.0,0.0,0.0,0.0,0.0,0.0,0.0,0.0,0.0,0.0,0.0,0.0,0.0,0.0,0.0,0.0,0.0,0.0,0.0,0.0,0.0,0.0,0.0,0.0,0.0,0.0,0.0,0.0,0.0,0.0,0.0,0.0,0.0,0.0,0.0,0.0,0.0,0.0,0.0,0.0,0.0,0.0,0.0,0.0,0.0,0.0,0.0,0.0,0.0,0.0,0.0,0.0,0.0,0.0,0.0,0.0,0.0,0.0,0.0,0.0,0.0,0.0,0.0,0.0,0.0,0.0,0.0,0.0,0.0,0.0,0.0,0.0,0.0,0.0,0.0,0.0,0.0,0.0,0.0,0.0,0.0,0.0,0.0,0.0,0.0,0,0,0,1,0,2,0,0,0,0,0,0,0,0,0,1,0,0,0,0,0,0,0,0,0,0,0,0,0,0,0,0,0,0,0,0,0,0,0,0,0,0,0,0,0,0,0,0,0,0,0,0,1,0,0,0,0,0,0,0,0,0,0,0,0,0,0,0,0,0,0,0,0,0,0,0,0,0,0,0,0,0,0,0,0,0,0,0,0,0,0,0,0,0,0,0,0,0,0,0,0,0,0,0,0,0,0,0,0,0,0,0
1/28/20,0.0,0.0,0.0,0.0,0.0,0.0,0.0,0.0,0.0,0.0,0.0,0.0,0.0,0.0,0.0,0.0,0.0,0.0,0.0,0.0,0.0,0.0,0.0,0.0,0.0,0.0,0.0,0.0,0.0,0.0,0.0,0.0,0.0,0.0,0.0,0.0,0.0,0.0,0.0,0.0,0.0,0.0,0.0,0.0,0.0,0.0,0.0,0.0,0.0,0.0,0.0,0.0,0.0,0.0,0.0,0.0,0.0,0.0,0.0,0.0,0.0,0.0,0.0,0.0,0.0,0.0,0.0,0.0,0.0,0.0,0.0,0.0,0.0,0.0,0.0,0.0,0.0,0.0,0.0,0.0,0.0,0.0,0.0,0.0,0.0,0.0,0.0,0.0,0.0,0.0,0.0,0.0,0.0,0.0,0.0,0.0,0.0,0.0,0.0,0.0,0.0,0.0,0.0,0.0,0.0,0.0,0.0,0.0,0.0,0.0,0.0,0.0,0,0,0,1,0,2,0,0,0,0,0,0,0,0,0,1,0,0,0,0,0,0,0,0,0,0,0,0,0,0,0,0,0,0,0,0,0,0,0,0,0,0,0,0,0,0,0,0,0,0,0,0,1,0,0,0,0,0,0,0,0,0,0,0,0,0,0,0,0,0,0,0,0,0,0,0,0,0,0,0,0,0,0,0,0,0,0,0,0,0,0,0,0,0,0,0,0,0,0,0,0,0,0,0,0,0,0,0,0,0,0,0
1/29/20,0.0,0.0,0.0,0.0,0.0,0.0,0.0,0.0,0.0,0.0,0.0,0.0,0.0,0.0,0.0,0.0,0.0,0.0,0.0,0.0,0.0,0.0,0.0,0.0,0.0,0.0,0.0,0.0,0.0,0.0,0.0,0.0,0.0,0.0,0.0,0.0,0.0,0.0,0.0,0.0,0.0,0.0,0.0,0.0,0.0,0.0,0.0,0.0,0.0,0.0,0.0,0.0,0.0,0.0,0.0,0.0,0.0,0.0,0.0,0.0,0.0,0.0,0.0,0.0,0.0,0.0,0.0,0.0,0.0,0.0,0.0,0.0,0.0,0.0,0.0,0.0,0.0,0.0,0.0,0.0,0.0,0.0,0.0,0.0,0.0,0.0,0.0,0.0,0.0,0.0,0.0,0.0,0.0,0.0,0.0,0.0,0.0,0.0,0.0,0.0,0.0,0.0,0.0,0.0,0.0,0.0,0.0,0.0,0.0,0.0,0.0,0.0,0,0,0,1,0,2,0,0,0,0,0,0,0,0,0,1,0,0,0,0,0,0,0,0,0,0,0,0,0,0,0,0,0,0,0,0,0,0,0,0,0,0,0,0,0,0,0,0,0,0,0,0,1,0,0,0,0,0,0,0,0,0,0,0,0,0,0,0,0,0,0,0,0,0,0,0,0,0,0,0,0,0,0,0,0,0,0,0,0,0,0,0,0,0,0,0,0,0,0,0,0,0,0,0,0,0,0,0,0,0,0,0
1/30/20,0.0,0.0,0.0,0.0,0.0,0.0,0.0,0.0,0.0,0.0,0.0,0.0,0.0,0.0,0.0,0.0,0.0,0.0,0.0,0.0,0.0,0.0,0.0,0.0,0.0,0.0,0.0,0.0,0.0,0.0,0.0,0.0,0.0,0.0,0.0,0.0,0.0,0.0,0.0,0.0,0.0,0.0,0.0,0.0,0.0,0.0,0.0,0.0,0.0,0.0,0.0,0.0,0.0,0.0,0.0,0.0,0.0,0.0,0.0,0.0,0.0,0.0,0.0,0.0,0.0,0.0,0.0,0.0,0.0,0.0,0.0,0.0,0.0,0.0,0.0,0.0,0.0,0.0,0.0,0.0,0.0,0.0,0.0,0.0,0.0,0.0,0.0,0.0,0.0,0.0,0.0,0.0,0.0,0.0,0.0,0.0,0.0,0.0,0.0,0.0,0.0,0.0,0.0,0.0,0.0,0.0,0.0,0.0,0.0,0.0,0.0,0.0,0,0,0,1,0,2,0,0,0,0,0,0,0,0,0,1,0,0,0,0,0,0,0,0,0,0,0,0,0,0,0,0,0,0,0,0,0,0,0,0,0,0,0,0,0,0,0,0,0,0,0,0,1,0,0,0,0,0,0,0,0,0,0,0,0,0,0,0,0,0,0,0,0,0,0,0,0,0,0,0,0,0,0,0,0,0,0,0,0,0,0,0,0,0,0,0,0,0,0,0,0,0,0,0,0,0,0,0,0,0,0,0
1/31/20,0.0,0.0,0.0,0.0,0.0,1.0,0.0,0.0,0.0,0.0,0.0,0.0,0.0,0.0,0.0,1.0,0.0,0.0,0.0,0.0,0.0,0.0,0.0,0.0,0.0,0.0,0.0,0.0,0.0,0.0,0.0,0.0,0.0,0.0,0.0,0.0,0.0,0.0,0.0,0.0,0.0,0.0,0.0,0.0,0.0,0.0,0.0,0.0,0.0,0.0,0.0,0.0,0.0,0.0,0.0,0.0,0.0,0.0,0.0,0.0,0.0,0.0,0.0,0.0,0.0,0.0,0.0,0.0,0.0,0.0,0.0,0.0,0.0,0.0,0.0,0.0,0.0,0.0,0.0,0.0,0.0,0.0,0.0,0.0,0.0,0.0,0.0,0.0,0.0,0.0,0.0,0.0,0.0,0.0,0.0,0.0,0.0,0.0,0.0,0.0,0.0,0.0,0.0,0.0,0.0,0.0,0.0,0.0,0.0,0.0,0.0,0.0,0,0,0,1,0,3,0,0,0,0,0,0,0,0,0,2,0,0,0,0,0,0,0,0,0,0,0,0,0,0,0,0,0,0,0,0,0,0,0,0,0,0,0,0,0,0,0,0,0,0,0,0,1,0,0,0,0,0,0,0,0,0,0,0,0,0,0,0,0,0,0,0,0,0,0,0,0,0,0,0,0,0,0,0,0,0,0,0,0,0,0,0,0,0,0,0,0,0,0,0,0,0,0,0,0,0,0,0,0,0,0,0
2/1/20,0.0,0.0,0.0,0.0,0.0,0.0,0.0,0.0,0.0,0.0,0.0,0.0,0.0,0.0,0.0,0.0,0.0,0.0,0.0,0.0,0.0,0.0,0.0,1.0,0.0,0.0,0.0,0.0,0.0,0.0,0.0,0.0,0.0,0.0,0.0,0.0,0.0,0.0,0.0,0.0,0.0,0.0,0.0,0.0,0.0,0.0,0.0,0.0,0.0,0.0,0.0,0.0,0.0,0.0,0.0,0.0,0.0,0.0,0.0,0.0,0.0,0.0,0.0,0.0,0.0,0.0,0.0,0.0,0.0,0.0,0.0,0.0,0.0,0.0,0.0,0.0,0.0,0.0,0.0,0.0,0.0,0.0,0.0,0.0,0.0,0.0,0.0,0.0,0.0,0.0,0.0,0.0,0.0,0.0,0.0,0.0,0.0,0.0,0.0,0.0,0.0,0.0,0.0,0.0,0.0,0.0,0.0,0.0,0.0,0.0,0.0,0.0,0,0,0,1,0,3,0,0,0,0,0,0,0,0,0,2,0,0,0,0,0,0,0,1,0,0,0,0,0,0,0,0,0,0,0,0,0,0,0,0,0,0,0,0,0,0,0,0,0,0,0,0,1,0,0,0,0,0,0,0,0,0,0,0,0,0,0,0,0,0,0,0,0,0,0,0,0,0,0,0,0,0,0,0,0,0,0,0,0,0,0,0,0,0,0,0,0,0,0,0,0,0,0,0,0,0,0,0,0,0,0,0
2/2/20,0.0,0.0,0.0,0.0,0.0,0.0,0.0,0.0,0.0,0.0,0.0,0.0,0.0,0.0,0.0,0.0,0.0,0.0,0.0,0.0,0.0,0.0,0.0,0.0,0.0,0.0,0.0,0.0,0.0,0.0,0.0,0.0,0.0,0.0,0.0,0.0,0.0,0.0,0.0,0.0,0.0,0.0,0.0,0.0,0.0,0.0,0.0,0.0,0.0,0.0,0.0,0.0,0.0,0.0,0.0,0.0,0.0,0.0,0.0,0.0,0.0,0.0,0.0,0.0,0.0,0.0,0.0,0.0,0.0,0.0,0.0,0.0,0.0,0.0,0.0,0.0,0.0,0.0,0.0,0.0,0.0,0.0,0.0,0.0,0.0,0.0,0.0,0.0,0.0,0.0,0.0,0.0,0.0,0.0,0.0,0.0,0.0,0.0,0.0,0.0,0.0,0.0,0.0,0.0,0.0,0.0,0.0,0.0,0.0,0.0,0.0,0.0,0,0,0,1,0,3,0,0,0,0,0,0,0,0,0,2,0,0,0,0,0,0,0,1,0,0,0,0,0,0,0,0,0,0,0,0,0,0,0,0,0,0,0,0,0,0,0,0,0,0,0,0,1,0,0,0,0,0,0,0,0,0,0,0,0,0,0,0,0,0,0,0,0,0,0,0,0,0,0,0,0,0,0,0,0,0,0,0,0,0,0,0,0,0,0,0,0,0,0,0,0,0,0,0,0,0,0,0,0,0,0,0
2/3/20,0.0,0.0,0.0,0.0,0.0,3.0,0.0,0.0,0.0,0.0,0.0,0.0,0.0,0.0,0.0,0.0,0.0,0.0,0.0,0.0,0.0,0.0,0.0,0.0,0.0,0.0,0.0,0.0,0.0,0.0,0.0,0.0,0.0,0.0,0.0,0.0,0.0,0.0,0.0,0.0,0.0,0.0,0.0,0.0,0.0,0.0,0.0,0.0,0.0,0.0,0.0,0.0,0.0,0.0,0.0,0.0,0.0,0.0,0.0,0.0,0.0,0.0,0.0,0.0,0.0,0.0,0.0,0.0,0.0,0.0,0.0,0.0,0.0,0.0,0.0,0.0,0.0,0.0,0.0,0.0,0.0,0.0,0.0,0.0,0.0,0.0,0.0,0.0,0.0,0.0,0.0,0.0,0.0,0.0,0.0,0.0,0.0,0.0,0.0,0.0,0.0,0.0,0.0,0.0,0.0,0.0,0.0,0.0,0.0,0.0,0.0,0.0,0,0,0,1,0,6,0,0,0,0,0,0,0,0,0,2,0,0,0,0,0,0,0,1,0,0,0,0,0,0,0,0,0,0,0,0,0,0,0,0,0,0,0,0,0,0,0,0,0,0,0,0,1,0,0,0,0,0,0,0,0,0,0,0,0,0,0,0,0,0,0,0,0,0,0,0,0,0,0,0,0,0,0,0,0,0,0,0,0,0,0,0,0,0,0,0,0,0,0,0,0,0,0,0,0,0,0,0,0,0,0,0
2/4/20,0.0,0.0,0.0,0.0,0.0,0.0,0.0,0.0,0.0,0.0,0.0,0.0,0.0,0.0,0.0,0.0,0.0,0.0,0.0,0.0,0.0,0.0,0.0,0.0,0.0,0.0,0.0,0.0,0.0,0.0,0.0,0.0,0.0,0.0,0.0,0.0,0.0,0.0,0.0,0.0,0.0,0.0,0.0,0.0,0.0,0.0,0.0,0.0,0.0,0.0,0.0,0.0,0.0,0.0,0.0,0.0,0.0,0.0,0.0,0.0,0.0,0.0,0.0,0.0,0.0,0.0,0.0,0.0,0.0,0.0,0.0,0.0,0.0,0.0,0.0,0.0,0.0,0.0,0.0,0.0,0.0,0.0,0.0,0.0,0.0,0.0,0.0,0.0,0.0,0.0,0.0,0.0,0.0,0.0,0.0,0.0,0.0,0.0,0.0,0.0,0.0,0.0,0.0,0.0,0.0,0.0,0.0,0.0,0.0,0.0,0.0,0.0,0,0,0,1,0,6,0,0,0,0,0,0,0,0,0,2,0,0,0,0,0,0,0,1,0,0,0,0,0,0,0,0,0,0,0,0,0,0,0,0,0,0,0,0,0,0,0,0,0,0,0,0,1,0,0,0,0,0,0,0,0,0,0,0,0,0,0,0,0,0,0,0,0,0,0,0,0,0,0,0,0,0,0,0,0,0,0,0,0,0,0,0,0,0,0,0,0,0,0,0,0,0,0,0,0,0,0,0,0,0,0,0
2/5/20,0.0,0.0,0.0,0.0,0.0,0.0,0.0,0.0,0.0,0.0,0.0,0.0,0.0,0.0,0.0,0.0,0.0,0.0,0.0,0.0,0.0,0.0,0.0,0.0,0.0,0.0,0.0,0.0,0.0,0.0,0.0,0.0,0.0,0.0,0.0,0.0,0.0,0.0,0.0,0.0,0.0,0.0,0.0,0.0,0.0,0.0,0.0,0.0,0.0,0.0,0.0,0.0,0.0,0.0,0.0,0.0,0.0,0.0,0.0,0.0,0.0,0.0,0.0,0.0,0.0,0.0,0.0,0.0,0.0,0.0,0.0,0.0,0.0,0.0,0.0,0.0,0.0,0.0,0.0,0.0,0.0,0.0,0.0,0.0,0.0,0.0,0.0,0.0,0.0,0.0,0.0,0.0,0.0,0.0,0.0,0.0,0.0,0.0,0.0,0.0,0.0,0.0,0.0,0.0,0.0,0.0,0.0,0.0,0.0,0.0,0.0,0.0,0,0,0,1,0,6,0,0,0,0,0,0,0,0,0,2,0,0,0,0,0,0,0,1,0,0,0,0,0,0,0,0,0,0,0,0,0,0,0,0,0,0,0,0,0,0,0,0,0,0,0,0,1,0,0,0,0,0,0,0,0,0,0,0,0,0,0,0,0,0,0,0,0,0,0,0,0,0,0,0,0,0,0,0,0,0,0,0,0,0,0,0,0,0,0,0,0,0,0,0,0,0,0,0,0,0,0,0,0,0,0,0
2/6/20,0.0,0.0,0.0,0.0,0.0,0.0,0.0,0.0,0.0,0.0,0.0,0.0,0.0,0.0,0.0,0.0,0.0,0.0,0.0,0.0,0.0,0.0,0.0,0.0,0.0,0.0,0.0,0.0,0.0,0.0,0.0,0.0,0.0,0.0,0.0,0.0,0.0,0.0,0.0,0.0,0.0,0.0,0.0,0.0,0.0,0.0,0.0,0.0,0.0,0.0,0.0,0.0,0.0,0.0,0.0,0.0,0.0,0.0,0.0,0.0,0.0,0.0,0.0,0.0,0.0,0.0,0.0,0.0,0.0,0.0,0.0,0.0,0.0,0.0,0.0,0.0,0.0,0.0,0.0,0.0,0.0,0.0,0.0,0.0,0.0,0.0,0.0,0.0,0.0,0.0,0.0,0.0,0.0,0.0,0.0,0.0,0.0,0.0,0.0,0.0,0.0,0.0,0.0,0.0,0.0,0.0,0.0,0.0,0.0,0.0,0.0,0.0,0,0,0,1,0,6,0,0,0,0,0,0,0,0,0,2,0,0,0,0,0,0,0,1,0,0,0,0,0,0,0,0,0,0,0,0,0,0,0,0,0,0,0,0,0,0,0,0,0,0,0,0,1,0,0,0,0,0,0,0,0,0,0,0,0,0,0,0,0,0,0,0,0,0,0,0,0,0,0,0,0,0,0,0,0,0,0,0,0,0,0,0,0,0,0,0,0,0,0,0,0,0,0,0,0,0,0,0,0,0,0,0
2/7/20,0.0,0.0,0.0,0.0,0.0,0.0,0.0,0.0,0.0,0.0,0.0,0.0,0.0,0.0,0.0,0.0,0.0,0.0,0.0,0.0,0.0,0.0,0.0,0.0,0.0,0.0,0.0,0.0,0.0,0.0,0.0,0.0,0.0,0.0,0.0,0.0,0.0,0.0,0.0,0.0,0.0,0.0,0.0,0.0,0.0,0.0,0.0,0.0,0.0,0.0,0.0,0.0,0.0,0.0,0.0,0.0,0.0,0.0,0.0,0.0,0.0,0.0,0.0,0.0,0.0,0.0,0.0,0.0,0.0,0.0,0.0,0.0,0.0,0.0,0.0,0.0,0.0,0.0,0.0,0.0,0.0,0.0,0.0,0.0,0.0,0.0,0.0,0.0,0.0,0.0,0.0,0.0,0.0,0.0,0.0,0.0,0.0,0.0,0.0,0.0,0.0,0.0,0.0,0.0,0.0,0.0,0.0,0.0,0.0,0.0,0.0,0.0,0,0,0,1,0,6,0,0,0,0,0,0,0,0,0,2,0,0,0,0,0,0,0,1,0,0,0,0,0,0,0,0,0,0,0,0,0,0,0,0,0,0,0,0,0,0,0,0,0,0,0,0,1,0,0,0,0,0,0,0,0,0,0,0,0,0,0,0,0,0,0,0,0,0,0,0,0,0,0,0,0,0,0,0,0,0,0,0,0,0,0,0,0,0,0,0,0,0,0,0,0,0,0,0,0,0,0,0,0,0,0,0
2/8/20,0.0,0.0,0.0,0.0,0.0,0.0,0.0,0.0,0.0,0.0,0.0,0.0,0.0,0.0,0.0,0.0,0.0,0.0,0.0,0.0,0.0,0.0,0.0,0.0,0.0,0.0,0.0,0.0,0.0,0.0,0.0,0.0,0.0,0.0,0.0,0.0,0.0,0.0,0.0,0.0,0.0,0.0,0.0,0.0,0.0,0.0,0.0,0.0,0.0,0.0,0.0,0.0,0.0,0.0,0.0,0.0,0.0,0.0,0.0,0.0,0.0,0.0,0.0,0.0,0.0,0.0,0.0,0.0,0.0,0.0,0.0,0.0,0.0,0.0,0.0,0.0,0.0,0.0,0.0,0.0,0.0,0.0,0.0,0.0,0.0,0.0,0.0,0.0,0.0,0.0,0.0,0.0,0.0,0.0,0.0,0.0,0.0,0.0,0.0,0.0,0.0,0.0,0.0,0.0,0.0,0.0,0.0,0.0,0.0,0.0,0.0,0.0,0,0,0,1,0,6,0,0,0,0,0,0,0,0,0,2,0,0,0,0,0,0,0,1,0,0,0,0,0,0,0,0,0,0,0,0,0,0,0,0,0,0,0,0,0,0,0,0,0,0,0,0,1,0,0,0,0,0,0,0,0,0,0,0,0,0,0,0,0,0,0,0,0,0,0,0,0,0,0,0,0,0,0,0,0,0,0,0,0,0,0,0,0,0,0,0,0,0,0,0,0,0,0,0,0,0,0,0,0,0,0,0
2/9/20,0.0,0.0,0.0,0.0,0.0,0.0,0.0,0.0,0.0,0.0,0.0,0.0,0.0,0.0,0.0,0.0,0.0,0.0,0.0,0.0,0.0,0.0,0.0,0.0,0.0,0.0,0.0,0.0,0.0,0.0,0.0,0.0,0.0,0.0,0.0,0.0,0.0,0.0,0.0,0.0,0.0,0.0,0.0,0.0,0.0,0.0,0.0,0.0,0.0,0.0,0.0,0.0,0.0,0.0,0.0,0.0,0.0,0.0,0.0,0.0,0.0,0.0,0.0,0.0,0.0,0.0,0.0,0.0,0.0,0.0,0.0,0.0,0.0,0.0,0.0,0.0,0.0,0.0,0.0,0.0,0.0,0.0,0.0,0.0,0.0,0.0,0.0,0.0,0.0,0.0,0.0,0.0,0.0,0.0,0.0,0.0,0.0,0.0,0.0,0.0,0.0,0.0,0.0,0.0,0.0,0.0,0.0,0.0,0.0,0.0,0.0,0.0,0,0,0,1,0,6,0,0,0,0,0,0,0,0,0,2,0,0,0,0,0,0,0,1,0,0,0,0,0,0,0,0,0,0,0,0,0,0,0,0,0,0,0,0,0,0,0,0,0,0,0,0,1,0,0,0,0,0,0,0,0,0,0,0,0,0,0,0,0,0,0,0,0,0,0,0,0,0,0,0,0,0,0,0,0,0,0,0,0,0,0,0,0,0,0,0,0,0,0,0,0,0,0,0,0,0,0,0,0,0,0,0
2/10/20,0.0,0.0,0.0,0.0,0.0,0.0,0.0,0.0,0.0,0.0,0.0,0.0,0.0,0.0,0.0,0.0,0.0,0.0,0.0,0.0,0.0,0.0,0.0,0.0,0.0,0.0,0.0,0.0,0.0,0.0,0.0,0.0,0.0,0.0,0.0,0.0,0.0,0.0,0.0,0.0,0.0,0.0,0.0,0.0,0.0,0.0,0.0,0.0,0.0,0.0,0.0,0.0,0.0,0.0,0.0,0.0,0.0,0.0,0.0,0.0,0.0,0.0,0.0,0.0,0.0,0.0,0.0,0.0,0.0,0.0,0.0,0.0,0.0,0.0,0.0,0.0,0.0,0.0,0.0,0.0,0.0,0.0,0.0,0.0,0.0,0.0,0.0,0.0,0.0,0.0,0.0,0.0,0.0,0.0,0.0,0.0,0.0,0.0,0.0,0.0,0.0,0.0,0.0,0.0,0.0,0.0,0.0,0.0,0.0,0.0,0.0,0.0,0,0,0,1,0,6,0,0,0,0,0,0,0,0,0,2,0,0,0,0,0,0,0,1,0,0,0,0,0,0,0,0,0,0,0,0,0,0,0,0,0,0,0,0,0,0,0,0,0,0,0,0,1,0,0,0,0,0,0,0,0,0,0,0,0,0,0,0,0,0,0,0,0,0,0,0,0,0,0,0,0,0,0,0,0,0,0,0,0,0,0,0,0,0,0,0,0,0,0,0,0,0,0,0,0,0,0,0,0,0,0,0
2/11/20,0.0,0.0,0.0,0.0,0.0,1.0,0.0,0.0,0.0,0.0,0.0,0.0,0.0,0.0,0.0,0.0,0.0,0.0,0.0,0.0,0.0,0.0,0.0,0.0,0.0,0.0,0.0,0.0,0.0,0.0,0.0,0.0,0.0,0.0,0.0,0.0,0.0,0.0,0.0,0.0,0.0,0.0,0.0,0.0,0.0,0.0,0.0,0.0,0.0,0.0,0.0,0.0,0.0,0.0,0.0,0.0,0.0,0.0,0.0,0.0,0.0,0.0,0.0,0.0,0.0,0.0,0.0,0.0,0.0,0.0,0.0,0.0,0.0,0.0,0.0,0.0,0.0,0.0,0.0,0.0,0.0,0.0,0.0,0.0,0.0,0.0,0.0,0.0,0.0,0.0,0.0,0.0,0.0,0.0,0.0,0.0,0.0,0.0,0.0,0.0,0.0,0.0,0.0,0.0,0.0,0.0,0.0,0.0,0.0,0.0,0.0,0.0,0,0,0,1,0,7,0,0,0,0,0,0,0,0,0,2,0,0,0,0,0,0,0,1,0,0,0,0,0,0,0,0,0,0,0,0,0,0,0,0,0,0,0,0,0,0,0,0,0,0,0,0,1,0,0,0,0,0,0,0,0,0,0,0,0,0,0,0,0,0,0,0,0,0,0,0,0,0,0,0,0,0,0,0,0,0,0,0,0,0,0,0,0,0,0,0,0,0,0,0,0,0,0,0,0,0,0,0,0,0,0,0
2/12/20,0.0,0.0,0.0,0.0,0.0,0.0,0.0,0.0,0.0,0.0,0.0,0.0,0.0,0.0,0.0,0.0,0.0,0.0,0.0,0.0,0.0,0.0,0.0,0.0,0.0,0.0,0.0,0.0,0.0,0.0,0.0,0.0,0.0,0.0,0.0,0.0,0.0,0.0,0.0,0.0,0.0,0.0,0.0,0.0,0.0,0.0,0.0,0.0,0.0,0.0,0.0,0.0,0.0,0.0,0.0,0.0,0.0,0.0,0.0,0.0,0.0,0.0,0.0,0.0,0.0,0.0,0.0,0.0,0.0,0.0,0.0,0.0,0.0,0.0,0.0,0.0,0.0,0.0,0.0,0.0,0.0,0.0,0.0,0.0,0.0,0.0,0.0,0.0,0.0,0.0,0.0,0.0,0.0,0.0,0.0,0.0,0.0,0.0,0.0,0.0,0.0,0.0,0.0,0.0,0.0,0.0,0.0,0.0,0.0,0.0,0.0,0.0,0,0,0,1,0,7,0,0,0,0,0,0,0,0,0,2,0,0,0,0,0,0,0,1,0,0,0,0,0,0,0,0,0,0,0,0,0,0,0,0,0,0,0,0,0,0,0,0,0,0,0,0,1,0,0,0,0,0,0,0,0,0,0,0,0,0,0,0,0,0,0,0,0,0,0,0,0,0,0,0,0,0,0,0,0,0,0,0,0,0,0,0,0,0,0,0,0,0,0,0,0,0,0,0,0,0,0,0,0,0,0,0
2/13/20,0.0,0.0,0.0,0.0,0.0,1.0,0.0,0.0,0.0,0.0,0.0,0.0,0.0,0.0,0.0,0.0,0.0,0.0,0.0,0.0,0.0,0.0,0.0,0.0,0.0,0.0,0.0,0.0,0.0,0.0,0.0,0.0,0.0,0.0,0.0,0.0,0.0,0.0,0.0,0.0,0.0,0.0,0.0,0.0,0.0,0.0,0.0,0.0,0.0,0.0,0.0,0.0,0.0,0.0,0.0,0.0,0.0,0.0,0.0,0.0,0.0,0.0,0.0,0.0,0.0,0.0,0.0,0.0,0.0,0.0,0.0,0.0,0.0,0.0,0.0,0.0,0.0,0.0,0.0,0.0,0.0,0.0,0.0,0.0,0.0,0.0,0.0,0.0,0.0,0.0,0.0,0.0,0.0,0.0,0.0,0.0,0.0,0.0,0.0,0.0,0.0,0.0,0.0,0.0,0.0,0.0,0.0,0.0,0.0,0.0,0.0,0.0,0,0,0,1,0,8,0,0,0,0,0,0,0,0,0,2,0,0,0,0,0,0,0,1,0,0,0,0,0,0,0,0,0,0,0,0,0,0,0,0,0,0,0,0,0,0,0,0,0,0,0,0,1,0,0,0,0,0,0,0,0,0,0,0,0,0,0,0,0,0,0,0,0,0,0,0,0,0,0,0,0,0,0,0,0,0,0,0,0,0,0,0,0,0,0,0,0,0,0,0,0,0,0,0,0,0,0,0,0,0,0,0
2/14/20,0.0,0.0,0.0,0.0,0.0,0.0,0.0,0.0,0.0,0.0,0.0,0.0,0.0,0.0,0.0,0.0,0.0,0.0,0.0,0.0,0.0,0.0,0.0,0.0,0.0,0.0,0.0,0.0,0.0,0.0,0.0,0.0,0.0,0.0,0.0,0.0,0.0,0.0,0.0,0.0,0.0,0.0,0.0,0.0,0.0,0.0,0.0,0.0,0.0,0.0,0.0,0.0,0.0,0.0,0.0,0.0,0.0,0.0,0.0,0.0,0.0,0.0,0.0,0.0,0.0,0.0,0.0,0.0,0.0,0.0,0.0,0.0,0.0,0.0,0.0,0.0,0.0,0.0,0.0,0.0,0.0,0.0,0.0,0.0,0.0,0.0,0.0,0.0,0.0,0.0,0.0,0.0,0.0,0.0,0.0,0.0,0.0,0.0,0.0,0.0,0.0,0.0,0.0,0.0,0.0,0.0,0.0,0.0,0.0,0.0,0.0,0.0,0,0,0,1,0,8,0,0,0,0,0,0,0,0,0,2,0,0,0,0,0,0,0,1,0,0,0,0,0,0,0,0,0,0,0,0,0,0,0,0,0,0,0,0,0,0,0,0,0,0,0,0,1,0,0,0,0,0,0,0,0,0,0,0,0,0,0,0,0,0,0,0,0,0,0,0,0,0,0,0,0,0,0,0,0,0,0,0,0,0,0,0,0,0,0,0,0,0,0,0,0,0,0,0,0,0,0,0,0,0,0,0
2/15/20,0.0,0.0,0.0,0.0,0.0,0.0,0.0,0.0,0.0,0.0,0.0,0.0,0.0,0.0,0.0,0.0,0.0,0.0,0.0,0.0,0.0,0.0,0.0,0.0,0.0,0.0,0.0,0.0,0.0,0.0,0.0,0.0,0.0,0.0,0.0,0.0,0.0,0.0,0.0,0.0,0.0,0.0,0.0,0.0,0.0,0.0,0.0,0.0,0.0,0.0,0.0,0.0,0.0,0.0,0.0,0.0,0.0,0.0,0.0,0.0,0.0,0.0,0.0,0.0,0.0,0.0,0.0,0.0,0.0,0.0,0.0,0.0,0.0,0.0,0.0,0.0,0.0,0.0,0.0,0.0,0.0,0.0,0.0,0.0,0.0,0.0,0.0,0.0,0.0,0.0,0.0,0.0,0.0,0.0,0.0,0.0,0.0,0.0,0.0,0.0,0.0,0.0,0.0,0.0,0.0,0.0,0.0,0.0,0.0,0.0,0.0,0.0,0,0,0,1,0,8,0,0,0,0,0,0,0,0,0,2,0,0,0,0,0,0,0,1,0,0,0,0,0,0,0,0,0,0,0,0,0,0,0,0,0,0,0,0,0,0,0,0,0,0,0,0,1,0,0,0,0,0,0,0,0,0,0,0,0,0,0,0,0,0,0,0,0,0,0,0,0,0,0,0,0,0,0,0,0,0,0,0,0,0,0,0,0,0,0,0,0,0,0,0,0,0,0,0,0,0,0,0,0,0,0,0
2/16/20,0.0,0.0,0.0,0.0,0.0,0.0,0.0,0.0,0.0,0.0,0.0,0.0,0.0,0.0,0.0,0.0,0.0,0.0,0.0,0.0,0.0,0.0,0.0,0.0,0.0,0.0,0.0,0.0,0.0,0.0,0.0,0.0,0.0,0.0,0.0,0.0,0.0,0.0,0.0,0.0,0.0,0.0,0.0,0.0,0.0,0.0,0.0,0.0,0.0,0.0,0.0,0.0,0.0,0.0,0.0,0.0,0.0,0.0,0.0,0.0,0.0,0.0,0.0,0.0,0.0,0.0,0.0,0.0,0.0,0.0,0.0,0.0,0.0,0.0,0.0,0.0,0.0,0.0,0.0,0.0,0.0,0.0,0.0,0.0,0.0,0.0,0.0,0.0,0.0,0.0,0.0,0.0,0.0,0.0,0.0,0.0,0.0,0.0,0.0,0.0,0.0,0.0,0.0,0.0,0.0,0.0,0.0,0.0,0.0,0.0,0.0,0.0,0,0,0,1,0,8,0,0,0,0,0,0,0,0,0,2,0,0,0,0,0,0,0,1,0,0,0,0,0,0,0,0,0,0,0,0,0,0,0,0,0,0,0,0,0,0,0,0,0,0,0,0,1,0,0,0,0,0,0,0,0,0,0,0,0,0,0,0,0,0,0,0,0,0,0,0,0,0,0,0,0,0,0,0,0,0,0,0,0,0,0,0,0,0,0,0,0,0,0,0,0,0,0,0,0,0,0,0,0,0,0,0
2/17/20,0.0,0.0,0.0,0.0,0.0,0.0,0.0,0.0,0.0,0.0,0.0,0.0,0.0,0.0,0.0,0.0,0.0,0.0,0.0,0.0,0.0,0.0,0.0,0.0,0.0,0.0,0.0,0.0,0.0,0.0,0.0,0.0,0.0,0.0,0.0,0.0,0.0,0.0,0.0,0.0,0.0,0.0,0.0,0.0,0.0,0.0,0.0,0.0,0.0,0.0,0.0,0.0,0.0,0.0,0.0,0.0,0.0,0.0,0.0,0.0,0.0,0.0,0.0,0.0,0.0,0.0,0.0,0.0,0.0,0.0,0.0,0.0,0.0,0.0,0.0,0.0,0.0,0.0,0.0,0.0,0.0,0.0,0.0,0.0,0.0,0.0,0.0,0.0,0.0,0.0,0.0,0.0,0.0,0.0,0.0,0.0,0.0,0.0,0.0,0.0,0.0,0.0,0.0,0.0,0.0,0.0,0.0,0.0,0.0,0.0,0.0,0.0,0,0,0,1,0,8,0,0,0,0,0,0,0,0,0,2,0,0,0,0,0,0,0,1,0,0,0,0,0,0,0,0,0,0,0,0,0,0,0,0,0,0,0,0,0,0,0,0,0,0,0,0,1,0,0,0,0,0,0,0,0,0,0,0,0,0,0,0,0,0,0,0,0,0,0,0,0,0,0,0,0,0,0,0,0,0,0,0,0,0,0,0,0,0,0,0,0,0,0,0,0,0,0,0,0,0,0,0,0,0,0,0
2/18/20,0.0,0.0,0.0,0.0,0.0,0.0,0.0,0.0,0.0,0.0,0.0,0.0,0.0,0.0,0.0,0.0,0.0,0.0,0.0,0.0,0.0,0.0,0.0,0.0,0.0,0.0,0.0,0.0,0.0,0.0,0.0,0.0,0.0,0.0,0.0,0.0,0.0,0.0,0.0,0.0,0.0,0.0,0.0,0.0,0.0,0.0,0.0,0.0,0.0,0.0,0.0,0.0,0.0,0.0,0.0,0.0,0.0,0.0,0.0,0.0,0.0,0.0,0.0,0.0,0.0,0.0,0.0,0.0,0.0,0.0,0.0,0.0,0.0,0.0,0.0,0.0,0.0,0.0,0.0,0.0,0.0,0.0,0.0,0.0,0.0,0.0,0.0,0.0,0.0,0.0,0.0,0.0,0.0,0.0,0.0,0.0,0.0,0.0,0.0,0.0,0.0,0.0,0.0,0.0,0.0,0.0,0.0,0.0,0.0,0.0,0.0,0.0,0,0,0,1,0,8,0,0,0,0,0,0,0,0,0,2,0,0,0,0,0,0,0,1,0,0,0,0,0,0,0,0,0,0,0,0,0,0,0,0,0,0,0,0,0,0,0,0,0,0,0,0,1,0,0,0,0,0,0,0,0,0,0,0,0,0,0,0,0,0,0,0,0,0,0,0,0,0,0,0,0,0,0,0,0,0,0,0,0,0,0,0,0,0,0,0,0,0,0,0,0,0,0,0,0,0,0,0,0,0,0,0
2/19/20,0.0,0.0,0.0,0.0,0.0,0.0,0.0,0.0,0.0,0.0,0.0,0.0,0.0,0.0,0.0,0.0,0.0,0.0,0.0,0.0,0.0,0.0,0.0,0.0,0.0,0.0,0.0,0.0,0.0,0.0,0.0,0.0,0.0,0.0,0.0,0.0,0.0,0.0,0.0,0.0,0.0,0.0,0.0,0.0,0.0,0.0,0.0,0.0,0.0,0.0,0.0,0.0,0.0,0.0,0.0,0.0,0.0,0.0,0.0,0.0,0.0,0.0,0.0,0.0,0.0,0.0,0.0,0.0,0.0,0.0,0.0,0.0,0.0,0.0,0.0,0.0,0.0,0.0,0.0,0.0,0.0,0.0,0.0,0.0,0.0,0.0,0.0,0.0,0.0,0.0,0.0,0.0,0.0,0.0,0.0,0.0,0.0,0.0,0.0,0.0,0.0,0.0,0.0,0.0,0.0,0.0,0.0,0.0,0.0,0.0,0.0,0.0,0,0,0,1,0,8,0,0,0,0,0,0,0,0,0,2,0,0,0,0,0,0,0,1,0,0,0,0,0,0,0,0,0,0,0,0,0,0,0,0,0,0,0,0,0,0,0,0,0,0,0,0,1,0,0,0,0,0,0,0,0,0,0,0,0,0,0,0,0,0,0,0,0,0,0,0,0,0,0,0,0,0,0,0,0,0,0,0,0,0,0,0,0,0,0,0,0,0,0,0,0,0,0,0,0,0,0,0,0,0,0,0
2/20/20,0.0,0.0,0.0,0.0,0.0,0.0,0.0,0.0,0.0,0.0,0.0,0.0,0.0,0.0,0.0,0.0,0.0,0.0,0.0,0.0,0.0,0.0,0.0,0.0,0.0,0.0,0.0,0.0,0.0,0.0,0.0,0.0,0.0,0.0,0.0,0.0,0.0,0.0,0.0,0.0,0.0,0.0,0.0,0.0,0.0,0.0,0.0,0.0,0.0,0.0,0.0,0.0,0.0,0.0,0.0,0.0,0.0,0.0,0.0,0.0,0.0,0.0,0.0,0.0,0.0,0.0,0.0,0.0,0.0,0.0,0.0,0.0,0.0,0.0,0.0,0.0,0.0,0.0,0.0,0.0,0.0,0.0,0.0,0.0,0.0,0.0,0.0,0.0,0.0,0.0,0.0,0.0,0.0,0.0,0.0,0.0,0.0,0.0,0.0,0.0,0.0,0.0,0.0,0.0,0.0,0.0,0.0,0.0,0.0,0.0,0.0,0.0,0,0,0,1,0,8,0,0,0,0,0,0,0,0,0,2,0,0,0,0,0,0,0,1,0,0,0,0,0,0,0,0,0,0,0,0,0,0,0,0,0,0,0,0,0,0,0,0,0,0,0,0,1,0,0,0,0,0,0,0,0,0,0,0,0,0,0,0,0,0,0,0,0,0,0,0,0,0,0,0,0,0,0,0,0,0,0,0,0,0,0,0,0,0,0,0,0,0,0,0,0,0,0,0,0,0,0,0,0,0,0,0
2/21/20,0.0,0.0,0.0,0.0,0.0,2.0,0.0,0.0,0.0,0.0,0.0,0.0,0.0,0.0,0.0,0.0,0.0,0.0,0.0,0.0,0.0,0.0,0.0,0.0,0.0,0.0,0.0,0.0,0.0,0.0,0.0,0.0,0.0,0.0,0.0,0.0,0.0,0.0,0.0,0.0,0.0,0.0,0.0,0.0,0.0,0.0,0.0,0.0,0.0,0.0,0.0,0.0,0.0,0.0,0.0,0.0,0.0,0.0,0.0,0.0,0.0,0.0,0.0,0.0,0.0,0.0,0.0,0.0,0.0,0.0,0.0,0.0,0.0,0.0,0.0,0.0,0.0,0.0,0.0,0.0,0.0,0.0,0.0,0.0,0.0,0.0,0.0,0.0,0.0,0.0,0.0,0.0,0.0,0.0,0.0,0.0,0.0,0.0,0.0,0.0,0.0,0.0,0.0,0.0,0.0,0.0,0.0,0.0,0.0,0.0,0.0,0.0,0,0,0,1,0,10,0,0,0,0,0,0,0,0,0,2,0,0,0,0,0,0,0,1,0,0,0,0,0,0,0,0,0,0,0,0,0,0,0,0,0,0,0,0,0,0,0,0,0,0,0,0,1,0,0,0,0,0,0,0,0,0,0,0,0,0,0,0,0,0,0,0,0,0,0,0,0,0,0,0,0,0,0,0,0,0,0,0,0,0,0,0,0,0,0,0,0,0,0,0,0,0,0,0,0,0,0,0,0,0,0,0
2/22/20,0.0,0.0,0.0,0.0,0.0,0.0,0.0,0.0,0.0,0.0,0.0,0.0,0.0,0.0,0.0,0.0,0.0,0.0,0.0,0.0,0.0,0.0,0.0,0.0,0.0,0.0,0.0,0.0,0.0,0.0,0.0,0.0,0.0,0.0,0.0,0.0,0.0,0.0,0.0,0.0,0.0,0.0,0.0,0.0,0.0,0.0,0.0,0.0,0.0,0.0,0.0,0.0,0.0,0.0,0.0,0.0,0.0,0.0,0.0,0.0,0.0,0.0,0.0,0.0,0.0,0.0,0.0,0.0,0.0,0.0,0.0,0.0,0.0,0.0,0.0,0.0,0.0,0.0,0.0,0.0,0.0,0.0,0.0,0.0,0.0,0.0,0.0,0.0,0.0,0.0,0.0,0.0,0.0,0.0,0.0,0.0,0.0,0.0,0.0,0.0,0.0,0.0,0.0,0.0,0.0,0.0,0.0,0.0,0.0,0.0,0.0,0.0,0,0,0,1,0,10,0,0,0,0,0,0,0,0,0,2,0,0,0,0,0,0,0,1,0,0,0,0,0,0,0,0,0,0,0,0,0,0,0,0,0,0,0,0,0,0,0,0,0,0,0,0,1,0,0,0,0,0,0,0,0,0,0,0,0,0,0,0,0,0,0,0,0,0,0,0,0,0,0,0,0,0,0,0,0,0,0,0,0,0,0,0,0,0,0,0,0,0,0,0,0,0,0,0,0,0,0,0,0,0,0,0
2/23/20,0.0,0.0,0.0,0.0,0.0,0.0,0.0,0.0,0.0,0.0,0.0,0.0,0.0,0.0,0.0,0.0,0.0,0.0,0.0,0.0,0.0,0.0,0.0,0.0,0.0,0.0,0.0,0.0,0.0,0.0,0.0,0.0,0.0,0.0,0.0,0.0,0.0,0.0,0.0,0.0,0.0,0.0,0.0,0.0,0.0,0.0,0.0,0.0,0.0,0.0,0.0,0.0,0.0,0.0,0.0,0.0,0.0,0.0,0.0,0.0,0.0,0.0,0.0,0.0,0.0,0.0,0.0,0.0,0.0,0.0,0.0,0.0,0.0,0.0,0.0,0.0,0.0,0.0,0.0,0.0,0.0,0.0,0.0,0.0,0.0,0.0,0.0,0.0,0.0,0.0,0.0,0.0,0.0,0.0,0.0,0.0,0.0,0.0,0.0,0.0,0.0,0.0,0.0,0.0,0.0,0.0,0.0,0.0,0.0,0.0,0.0,0.0,0,0,0,1,0,10,0,0,0,0,0,0,0,0,0,2,0,0,0,0,0,0,0,1,0,0,0,0,0,0,0,0,0,0,0,0,0,0,0,0,0,0,0,0,0,0,0,0,0,0,0,0,1,0,0,0,0,0,0,0,0,0,0,0,0,0,0,0,0,0,0,0,0,0,0,0,0,0,0,0,0,0,0,0,0,0,0,0,0,0,0,0,0,0,0,0,0,0,0,0,0,0,0,0,0,0,0,0,0,0,0,0
2/24/20,0.0,0.0,0.0,0.0,0.0,0.0,0.0,0.0,0.0,0.0,0.0,0.0,0.0,0.0,0.0,0.0,0.0,0.0,0.0,0.0,0.0,0.0,0.0,0.0,0.0,0.0,0.0,0.0,0.0,0.0,0.0,0.0,0.0,0.0,0.0,0.0,0.0,0.0,0.0,0.0,0.0,0.0,0.0,0.0,0.0,0.0,0.0,0.0,0.0,0.0,0.0,0.0,0.0,0.0,0.0,0.0,0.0,0.0,0.0,0.0,0.0,0.0,0.0,0.0,0.0,0.0,0.0,0.0,0.0,0.0,0.0,0.0,0.0,0.0,0.0,0.0,0.0,0.0,0.0,0.0,0.0,0.0,0.0,0.0,0.0,0.0,0.0,0.0,0.0,0.0,0.0,0.0,0.0,0.0,0.0,0.0,0.0,0.0,0.0,0.0,0.0,0.0,0.0,0.0,0.0,0.0,0.0,0.0,0.0,0.0,0.0,0.0,0,0,0,1,0,10,0,0,0,0,0,0,0,0,0,2,0,0,0,0,0,0,0,1,0,0,0,0,0,0,0,0,0,0,0,0,0,0,0,0,0,0,0,0,0,0,0,0,0,0,0,0,1,0,0,0,0,0,0,0,0,0,0,0,0,0,0,0,0,0,0,0,0,0,0,0,0,0,0,0,0,0,0,0,0,0,0,0,0,0,0,0,0,0,0,0,0,0,0,0,0,0,0,0,0,0,0,0,0,0,0,0
2/25/20,0.0,0.0,0.0,0.0,0.0,0.0,0.0,0.0,0.0,0.0,0.0,0.0,0.0,0.0,0.0,0.0,0.0,0.0,0.0,0.0,0.0,0.0,0.0,0.0,0.0,0.0,0.0,0.0,0.0,0.0,0.0,0.0,0.0,0.0,0.0,0.0,0.0,0.0,0.0,0.0,0.0,0.0,0.0,0.0,0.0,0.0,0.0,0.0,0.0,0.0,0.0,0.0,0.0,0.0,0.0,0.0,0.0,0.0,0.0,0.0,0.0,0.0,0.0,0.0,0.0,0.0,0.0,0.0,0.0,0.0,0.0,0.0,0.0,0.0,0.0,0.0,0.0,0.0,0.0,0.0,0.0,0.0,0.0,0.0,0.0,0.0,0.0,0.0,0.0,0.0,0.0,0.0,0.0,0.0,0.0,0.0,0.0,0.0,0.0,0.0,0.0,0.0,0.0,0.0,0.0,0.0,0.0,0.0,0.0,0.0,0.0,0.0,0,0,0,1,0,10,0,0,0,0,0,0,0,0,0,2,0,0,0,0,0,0,0,1,0,0,0,0,0,0,0,0,0,0,0,0,0,0,0,0,0,0,0,0,0,0,0,0,0,0,0,0,1,0,0,0,0,0,0,0,0,0,0,0,0,0,0,0,0,0,0,0,0,0,0,0,0,0,0,0,0,0,0,0,0,0,0,0,0,0,0,0,0,0,0,0,0,0,0,0,0,0,0,0,0,0,0,0,0,0,0,0
2/26/20,0.0,0.0,0.0,0.0,0.0,0.0,0.0,0.0,0.0,0.0,0.0,0.0,0.0,0.0,0.0,0.0,0.0,0.0,0.0,0.0,0.0,0.0,0.0,0.0,0.0,0.0,0.0,0.0,0.0,0.0,0.0,0.0,0.0,0.0,0.0,0.0,0.0,0.0,0.0,0.0,0.0,0.0,0.0,0.0,0.0,0.0,0.0,0.0,0.0,0.0,0.0,0.0,0.0,0.0,0.0,0.0,0.0,0.0,0.0,0.0,0.0,0.0,0.0,0.0,0.0,0.0,0.0,0.0,0.0,0.0,0.0,0.0,0.0,0.0,0.0,0.0,0.0,0.0,0.0,0.0,0.0,0.0,0.0,0.0,0.0,0.0,0.0,0.0,0.0,0.0,0.0,0.0,0.0,0.0,0.0,0.0,0.0,0.0,0.0,0.0,0.0,0.0,0.0,0.0,0.0,0.0,0.0,0.0,0.0,0.0,0.0,0.0,0,0,0,1,0,10,0,0,0,0,0,0,0,0,0,2,0,0,0,0,0,0,0,1,0,0,0,0,0,0,0,0,0,0,0,0,0,0,0,0,0,0,0,0,0,0,0,0,0,0,0,0,1,0,0,0,0,0,0,0,0,0,0,0,0,0,0,0,0,0,0,0,0,0,0,0,0,0,0,0,0,0,0,0,0,0,0,0,0,0,0,0,0,0,0,0,0,0,0,0,0,0,0,0,0,0,0,0,0,0,0,0
2/27/20,0.0,0.0,0.0,0.0,0.0,1.0,0.0,0.0,0.0,0.0,0.0,0.0,0.0,0.0,0.0,0.0,0.0,0.0,0.0,0.0,0.0,0.0,0.0,0.0,0.0,0.0,0.0,0.0,0.0,0.0,0.0,0.0,0.0,0.0,0.0,0.0,0.0,0.0,0.0,0.0,0.0,0.0,0.0,0.0,0.0,0.0,0.0,0.0,0.0,0.0,0.0,0.0,0.0,0.0,0.0,0.0,0.0,0.0,0.0,0.0,0.0,0.0,0.0,0.0,0.0,0.0,0.0,0.0,0.0,0.0,0.0,0.0,0.0,0.0,0.0,0.0,0.0,0.0,0.0,0.0,0.0,0.0,0.0,0.0,0.0,0.0,0.0,0.0,0.0,0.0,0.0,0.0,0.0,0.0,0.0,0.0,0.0,0.0,0.0,0.0,0.0,0.0,0.0,0.0,0.0,0.0,0.0,0.0,0.0,0.0,0.0,0.0,0,0,0,1,0,11,0,0,0,0,0,0,0,0,0,2,0,0,0,0,0,0,0,1,0,0,0,0,0,0,0,0,0,0,0,0,0,0,0,0,0,0,0,0,0,0,0,0,0,0,0,0,1,0,0,0,0,0,0,0,0,0,0,0,0,0,0,0,0,0,0,0,0,0,0,0,0,0,0,0,0,0,0,0,0,0,0,0,0,0,0,0,0,0,0,0,0,0,0,0,0,0,0,0,0,0,0,0,0,0,0,0
2/28/20,0.0,0.0,0.0,0.0,0.0,0.0,0.0,0.0,0.0,0.0,0.0,0.0,0.0,0.0,0.0,0.0,0.0,0.0,0.0,0.0,0.0,0.0,0.0,0.0,0.0,0.0,0.0,0.0,0.0,0.0,0.0,0.0,0.0,0.0,0.0,0.0,0.0,0.0,0.0,0.0,0.0,0.0,0.0,0.0,0.0,0.0,0.0,0.0,0.0,0.0,0.0,0.0,0.0,0.0,0.0,0.0,0.0,0.0,0.0,0.0,0.0,0.0,0.0,0.0,0.0,0.0,0.0,0.0,0.0,0.0,0.0,0.0,0.0,0.0,0.0,0.0,0.0,0.0,0.0,0.0,0.0,0.0,0.0,0.0,0.0,0.0,0.0,0.0,0.0,0.0,0.0,0.0,0.0,0.0,0.0,0.0,0.0,0.0,0.0,0.0,0.0,0.0,0.0,0.0,0.0,0.0,0.0,0.0,0.0,0.0,0.0,0.0,0,0,0,1,0,11,0,0,0,0,0,0,0,0,0,2,0,0,0,0,0,0,0,1,0,0,0,0,0,0,0,0,0,0,0,0,0,0,0,0,0,0,0,0,0,0,0,0,0,0,0,0,1,0,0,0,0,0,0,0,0,0,0,0,0,0,0,0,0,0,0,0,0,0,0,0,0,0,0,0,0,0,0,0,0,0,0,0,0,0,0,0,0,0,0,0,0,0,0,0,0,0,0,0,0,0,0,0,0,0,0,0
2/29/20,0.0,0.0,0.0,0.0,0.0,1.0,0.0,0.0,0.0,0.0,0.0,0.0,0.0,0.0,0.0,0.0,0.0,0.0,0.0,0.0,0.0,0.0,0.0,0.0,0.0,0.0,0.0,0.0,0.0,0.0,0.0,0.0,0.0,0.0,0.0,0.0,0.0,0.0,0.0,0.0,1.0,0.0,0.0,0.0,0.0,0.0,0.0,0.0,0.0,0.0,0.0,0.0,6.0,0.0,0.0,0.0,0.0,0.0,0.0,0.0,0.0,0.0,0.0,0.0,0.0,0.0,0.0,0.0,0.0,0.0,0.0,0.0,0.0,0.0,0.0,0.0,0.0,0.0,0.0,0.0,0.0,0.0,0.0,0.0,0.0,0.0,0.0,0.0,0.0,0.0,0.0,0.0,0.0,0.0,0.0,0.0,0.0,0.0,0.0,0.0,0.0,0.0,0.0,0.0,0.0,0.0,0.0,0.0,1.0,0.0,0.0,0.0,0,0,0,1,0,12,0,0,0,0,0,0,0,0,0,2,0,0,0,0,0,0,0,1,0,0,0,0,0,0,0,0,0,0,0,0,0,0,0,0,1,0,0,0,0,0,0,0,0,0,0,0,7,0,0,0,0,0,0,0,0,0,0,0,0,0,0,0,0,0,0,0,0,0,0,0,0,0,0,0,0,0,0,0,0,0,0,0,0,0,0,0,0,0,0,0,0,0,0,0,0,0,0,0,0,0,0,0,1,0,0,0
3/1/20,0.0,0.0,0.0,0.0,0.0,0.0,0.0,0.0,0.0,0.0,0.0,0.0,0.0,0.0,0.0,1.0,0.0,0.0,0.0,0.0,0.0,0.0,0.0,0.0,0.0,0.0,0.0,0.0,0.0,0.0,0.0,0.0,0.0,0.0,0.0,0.0,0.0,0.0,0.0,0.0,0.0,0.0,0.0,1.0,0.0,0.0,0.0,0.0,0.0,0.0,0.0,0.0,4.0,0.0,0.0,0.0,0.0,0.0,0.0,0.0,0.0,0.0,0.0,0.0,0.0,0.0,0.0,0.0,0.0,0.0,0.0,0.0,0.0,0.0,0.0,0.0,0.0,0.0,0.0,0.0,0.0,0.0,0.0,0.0,0.0,0.0,0.0,0.0,0.0,0.0,0.0,0.0,0.0,0.0,0.0,0.0,0.0,0.0,0.0,0.0,0.0,0.0,0.0,0.0,0.0,0.0,0.0,0.0,0.0,0.0,0.0,0.0,0,0,0,1,0,12,0,0,0,0,0,0,0,0,0,3,0,0,0,0,0,0,0,1,0,0,0,0,0,0,0,0,0,0,0,0,0,0,0,0,1,0,0,1,0,0,0,0,0,0,0,0,11,0,0,0,0,0,0,0,0,0,0,0,0,0,0,0,0,0,0,0,0,0,0,0,0,0,0,0,0,0,0,0,0,0,0,0,0,0,0,0,0,0,0,0,0,0,0,0,0,0,0,0,0,0,0,0,1,0,0,0
3/2/20,0.0,0.0,0.0,0.0,0.0,9.0,0.0,0.0,0.0,0.0,1.0,0.0,0.0,0.0,0.0,1.0,0.0,0.0,0.0,0.0,0.0,0.0,0.0,0.0,0.0,0.0,0.0,0.0,0.0,0.0,0.0,1.0,0.0,0.0,1.0,0.0,0.0,0.0,0.0,0.0,2.0,0.0,0.0,1.0,0.0,0.0,0.0,0.0,0.0,0.0,0.0,0.0,7.0,0.0,0.0,0.0,0.0,0.0,0.0,0.0,0.0,0.0,0.0,0.0,0.0,0.0,0.0,0.0,0.0,0.0,0.0,0.0,0.0,0.0,0.0,0.0,0.0,0.0,0.0,0.0,0.0,0.0,0.0,0.0,0.0,0.0,0.0,0.0,0.0,0.0,0.0,0.0,0.0,0.0,0.0,0.0,0.0,0.0,0.0,0.0,0.0,0.0,0.0,0.0,0.0,0.0,0.0,0.0,5.0,0.0,0.0,0.0,0,0,0,1,0,21,0,0,0,0,1,0,0,0,0,4,0,0,0,0,0,0,0,1,0,0,0,0,0,0,0,1,0,0,1,0,0,0,0,0,3,0,0,2,0,0,0,0,0,0,0,0,18,0,0,0,0,0,0,0,0,0,0,0,0,0,0,0,0,0,0,0,0,0,0,0,0,0,0,0,0,0,0,0,0,0,0,0,0,0,0,0,0,0,0,0,0,0,0,0,0,0,0,0,0,0,0,0,6,0,0,0
3/3/20,0.0,0.0,0.0,0.0,0.0,4.0,0.0,0.0,0.0,0.0,1.0,2.0,0.0,0.0,0.0,0.0,0.0,0.0,0.0,0.0,0.0,0.0,0.0,1.0,0.0,0.0,0.0,0.0,0.0,0.0,0.0,1.0,0.0,0.0,1.0,1.0,0.0,0.0,0.0,0.0,0.0,0.0,0.0,0.0,0.0,0.0,0.0,0.0,0.0,0.0,0.0,0.0,9.0,0.0,0.0,0.0,0.0,0.0,0.0,0.0,0.0,0.0,0.0,0.0,0.0,0.0,0.0,0.0,0.0,0.0,0.0,0.0,0.0,0.0,0.0,0.0,0.0,0.0,0.0,0.0,0.0,0.0,0.0,0.0,0.0,0.0,0.0,0.0,0.0,0.0,0.0,0.0,0.0,0.0,0.0,0.0,0.0,0.0,0.0,0.0,0.0,0.0,0.0,0.0,0.0,0.0,0.0,0.0,1.0,0.0,0.0,0.0,0,0,0,1,0,25,0,0,0,0,2,2,0,0,0,4,0,0,0,0,0,0,0,2,0,0,0,0,0,0,0,2,0,0,2,1,0,0,0,0,3,0,0,2,0,0,0,0,0,0,0,0,27,0,0,0,0,0,0,0,0,0,0,0,0,0,0,0,0,0,0,0,0,0,0,0,0,0,0,0,0,0,0,0,0,0,0,0,0,0,0,0,0,0,0,0,0,0,0,0,0,0,0,0,0,0,0,0,7,0,0,0
3/4/20,0.0,0.0,0.0,0.0,0.0,10.0,0.0,0.0,0.0,0.0,0.0,0.0,0.0,0.0,0.0,0.0,0.0,0.0,0.0,0.0,0.0,0.0,0.0,0.0,0.0,0.0,0.0,0.0,0.0,0.0,0.0,0.0,0.0,0.0,9.0,0.0,0.0,0.0,0.0,0.0,0.0,0.0,0.0,0.0,0.0,0.0,0.0,0.0,0.0,0.0,0.0,0.0,12.0,0.0,0.0,0.0,0.0,0.0,0.0,0.0,0.0,1.0,0.0,0.0,0.0,0.0,0.0,0.0,0.0,0.0,0.0,0.0,0.0,0.0,0.0,0.0,0.0,0.0,0.0,0.0,0.0,0.0,0.0,0.0,0.0,0.0,0.0,0.0,0.0,0.0,0.0,0.0,0.0,0.0,0.0,0.0,0.0,0.0,0.0,0.0,0.0,0.0,0.0,0.0,0.0,0.0,0.0,0.0,3.0,0.0,0.0,0.0,0,0,0,1,0,35,0,0,0,0,2,2,0,0,0,4,0,0,0,0,0,0,0,2,0,0,0,0,0,0,0,2,0,0,11,1,0,0,0,0,3,0,0,2,0,0,0,0,0,0,0,0,39,0,0,0,0,0,0,0,0,1,0,0,0,0,0,0,0,0,0,0,0,0,0,0,0,0,0,0,0,0,0,0,0,0,0,0,0,0,0,0,0,0,0,0,0,0,0,0,0,0,0,0,0,0,0,0,10,0,0,0
3/5/20,0.0,0.0,0.0,0.0,0.0,16.0,0.0,0.0,0.0,0.0,1.0,0.0,0.0,0.0,0.0,1.0,0.0,0.0,0.0,0.0,0.0,0.0,0.0,0.0,0.0,0.0,0.0,0.0,0.0,0.0,1.0,0.0,2.0,0.0,12.0,0.0,0.0,0.0,0.0,0.0,0.0,0.0,0.0,0.0,0.0,0.0,1.0,3.0,0.0,0.0,0.0,0.0,31.0,0.0,0.0,0.0,0.0,0.0,0.0,0.0,0.0,0.0,0.0,0.0,0.0,0.0,0.0,0.0,0.0,0.0,0.0,0.0,0.0,0.0,0.0,0.0,0.0,0.0,0.0,0.0,0.0,0.0,0.0,0.0,0.0,0.0,0.0,0.0,0.0,0.0,0.0,0.0,0.0,0.0,0.0,0.0,0.0,0.0,0.0,0.0,0.0,0.0,0.0,0.0,0.0,0.0,0.0,0.0,1.0,0.0,0.0,0.0,0,0,0,1,0,51,0,0,0,0,3,2,0,0,0,5,0,0,0,0,0,0,0,2,0,0,0,0,0,0,1,2,2,0,23,1,0,0,0,0,3,0,0,2,0,0,1,3,0,0,0,0,70,0,0,0,0,0,0,0,0,1,0,0,0,0,0,0,0,0,0,0,0,0,0,0,0,0,0,0,0,0,0,0,0,0,0,0,0,0,0,0,0,0,0,0,0,0,0,0,0,0,0,0,0,0,0,0,11,0,0,0
3/6/20,0.0,0.0,0.0,1.0,0.0,8.0,3.0,0.0,0.0,0.0,0.0,1.0,0.0,0.0,0.0,0.0,1.0,0.0,0.0,1.0,0.0,0.0,3.0,4.0,0.0,1.0,0.0,0.0,0.0,1.0,1.0,0.0,0.0,0.0,8.0,1.0,0.0,0.0,0.0,0.0,0.0,2.0,0.0,0.0,0.0,0.0,0.0,1.0,0.0,0.0,0.0,0.0,8.0,0.0,0.0,0.0,0.0,0.0,0.0,0.0,0.0,0.0,0.0,0.0,0.0,0.0,0.0,0.0,0.0,0.0,0.0,0.0,0.0,0.0,0.0,0.0,0.0,0.0,0.0,0.0,0.0,0.0,0.0,0.0,0.0,0.0,0.0,0.0,0.0,0.0,0.0,0.0,0.0,0.0,0.0,0.0,0.0,0.0,0.0,0.0,0.0,0.0,0.0,0.0,0.0,0.0,0.0,0.0,2.0,0.0,0.0,0.0,0,0,0,2,0,59,3,0,0,0,3,3,0,0,0,5,1,0,0,1,0,0,3,6,0,1,0,0,0,1,2,2,2,0,31,2,0,0,0,0,3,2,0,2,0,0,1,4,0,0,0,0,78,0,0,0,0,0,0,0,0,1,0,0,0,0,0,0,0,0,0,0,0,0,0,0,0,0,0,0,0,0,0,0,0,0,0,0,0,0,0,0,0,0,0,0,0,0,0,0,0,0,0,0,0,0,0,0,13,0,0,0
3/7/20,0.0,0.0,0.0,2.0,0.0,22.0,4.0,0.0,0.0,0.0,4.0,2.0,0.0,1.0,0.0,1.0,0.0,0.0,0.0,0.0,0.0,0.0,0.0,0.0,0.0,0.0,0.0,0.0,0.0,0.0,0.0,0.0,2.0,0.0,45.0,0.0,0.0,0.0,0.0,1.0,3.0,0.0,0.0,1.0,2.0,0.0,0.0,4.0,1.0,0.0,0.0,0.0,24.0,0.0,0.0,0.0,0.0,0.0,0.0,0.0,0.0,0.0,0.0,0.0,0.0,0.0,0.0,0.0,0.0,0.0,0.0,0.0,0.0,0.0,0.0,0.0,0.0,0.0,0.0,0.0,0.0,0.0,0.0,0.0,0.0,0.0,0.0,0.0,0.0,0.0,0.0,0.0,0.0,0.0,0.0,0.0,0.0,0.0,0.0,0.0,0.0,0.0,0.0,0.0,0.0,0.0,0.0,0.0,3.0,0.0,0.0,0.0,0,0,0,4,0,81,7,0,0,0,7,5,0,1,0,6,1,0,0,1,0,0,3,6,0,1,0,0,0,1,2,2,4,0,76,2,0,0,0,1,6,2,0,3,2,0,1,8,1,0,0,0,102,0,0,0,0,0,0,0,0,1,0,0,0,0,0,0,0,0,0,0,0,0,0,0,0,0,0,0,0,0,0,0,0,0,0,0,0,0,0,0,0,0,0,0,0,0,0,0,0,0,0,0,0,0,0,0,16,0,0,0
3/8/20,0.0,0.0,0.0,0.0,0.0,14.0,0.0,0.0,0.0,0.0,3.0,0.0,0.0,0.0,0.0,1.0,1.0,0.0,1.0,0.0,0.0,0.0,2.0,16.0,0.0,0.0,0.0,1.0,0.0,0.0,2.0,2.0,1.0,0.0,30.0,0.0,0.0,0.0,0.0,0.0,8.0,4.0,0.0,0.0,0.0,0.0,2.0,3.0,0.0,1.0,0.0,2.0,20.0,0.0,0.0,0.0,0.0,0.0,0.0,0.0,0.0,0.0,0.0,0.0,0.0,0.0,2.0,0.0,0.0,0.0,0.0,0.0,0.0,0.0,0.0,0.0,0.0,0.0,0.0,0.0,0.0,0.0,0.0,0.0,0.0,0.0,0.0,0.0,0.0,0.0,0.0,0.0,0.0,0.0,0.0,0.0,0.0,0.0,0.0,0.0,0.0,0.0,0.0,0.0,0.0,0.0,0.0,0.0,2.0,0.0,0.0,0.0,0,0,0,4,0,95,7,0,0,0,10,5,0,1,0,7,2,0,1,1,0,0,5,22,0,1,0,1,0,1,4,4,5,0,106,2,0,0,0,1,14,6,0,3,2,0,3,11,1,1,0,2,122,0,0,0,0,0,0,0,0,1,0,0,0,0,2,0,0,0,0,0,0,0,0,0,0,0,0,0,0,0,0,0,0,0,0,0,0,0,0,0,0,0,0,0,0,0,0,0,0,0,0,0,0,0,0,0,18,0,0,0
3/9/20,0.0,0.0,0.0,0.0,0.0,6.0,0.0,0.0,0.0,0.0,3.0,5.0,0.0,0.0,0.0,0.0,1.0,3.0,0.0,3.0,0.0,0.0,0.0,0.0,0.0,1.0,0.0,0.0,0.0,2.0,0.0,0.0,0.0,0.0,36.0,0.0,0.0,0.0,0.0,0.0,0.0,1.0,0.0,0.0,1.0,0.0,0.0,2.0,0.0,0.0,0.0,0.0,0.0,0.0,0.0,0.0,0.0,0.0,0.0,0.0,0.0,0.0,0.0,0.0,0.0,0.0,0.0,0.0,0.0,0.0,0.0,0.0,0.0,0.0,0.0,0.0,0.0,0.0,0.0,0.0,0.0,0.0,0.0,0.0,0.0,0.0,0.0,0.0,0.0,0.0,0.0,0.0,0.0,0.0,0.0,0.0,0.0,0.0,0.0,0.0,0.0,0.0,0.0,0.0,0.0,0.0,0.0,0.0,1.0,0.0,0.0,0.0,0,0,0,4,0,101,7,0,0,0,13,10,0,1,0,7,3,3,1,4,0,0,5,22,0,2,0,1,0,3,4,4,5,0,142,2,0,0,0,1,14,7,0,3,3,0,3,13,1,1,0,2,122,0,0,0,0,0,0,0,0,1,0,0,0,0,2,0,0,0,0,0,0,0,0,0,0,0,0,0,0,0,0,0,0,0,0,0,0,0,0,0,0,0,0,0,0,0,0,0,0,0,0,0,0,0,0,0,19,0,0,0
3/10/20,0.0,0.0,0.0,2.0,0.0,43.0,7.0,1.0,0.0,0.0,2.0,7.0,0.0,2.0,0.0,5.0,3.0,5.0,0.0,1.0,0.0,0.0,3.0,19.0,0.0,0.0,0.0,0.0,0.0,0.0,0.0,0.0,10.0,0.0,8.0,5.0,0.0,0.0,3.0,1.0,0.0,5.0,0.0,0.0,4.0,0.0,0.0,3.0,1.0,0.0,0.0,6.0,40.0,0.0,3.0,0.0,0.0,0.0,0.0,0.0,0.0,1.0,0.0,0.0,0.0,0.0,0.0,0.0,0.0,0.0,0.0,0.0,0.0,0.0,0.0,0.0,0.0,0.0,0.0,0.0,0.0,0.0,0.0,0.0,0.0,0.0,0.0,0.0,1.0,0.0,0.0,0.0,0.0,0.0,0.0,0.0,0.0,0.0,0.0,0.0,0.0,0.0,0.0,0.0,0.0,0.0,0.0,0.0,4.0,0.0,0.0,0.0,0,0,0,6,0,144,14,1,0,0,15,17,0,3,0,12,6,8,1,5,0,0,8,41,0,2,0,1,0,3,4,4,15,0,150,7,0,0,3,2,14,12,0,3,7,0,3,16,2,1,0,8,162,0,3,0,0,0,0,0,0,2,0,0,0,0,2,0,0,0,0,0,0,0,0,0,0,0,0,0,0,0,0,0,0,0,0,0,1,0,0,0,0,0,0,0,0,0,0,0,0,0,0,0,0,0,0,0,23,0,0,0
3/11/20,0.0,0.0,0.0,3.0,0.0,34.0,16.0,2.0,1.0,0.0,9.0,6.0,0.0,-1.0,0.0,13.0,5.0,5.0,0.0,3.0,5.0,0.0,1.0,51.0,2.0,3.0,0.0,0.0,0.0,2.0,3.0,1.0,8.0,3.0,70.0,0.0,0.0,0.0,1.0,0.0,5.0,4.0,0.0,2.0,3.0,8.0,6.0,5.0,1.0,0.0,0.0,1.0,120.0,0.0,1.0,0.0,0.0,0.0,0.0,0.0,0.0,2.0,0.0,0.0,0.0,0.0,0.0,0.0,0.0,0.0,0.0,0.0,0.0,0.0,0.0,0.0,0.0,0.0,0.0,0.0,0.0,0.0,0.0,0.0,0.0,0.0,0.0,0.0,0.0,0.0,0.0,0.0,0.0,0.0,0.0,0.0,0.0,0.0,0.0,0.0,0.0,1.0,0.0,0.0,0.0,0.0,0.0,0.0,1.0,0.0,0.0,0.0,0,0,0,9,0,178,30,3,1,0,24,23,0,2,0,25,11,13,1,8,5,0,9,92,2,5,0,1,0,5,7,5,23,3,220,7,0,0,4,2,19,16,0,5,10,8,9,21,3,1,0,9,282,0,4,0,0,0,0,0,0,4,0,0,0,0,2,0,0,0,0,0,0,0,0,0,0,0,0,0,0,0,0,0,0,0,0,0,1,0,0,0,0,0,0,0,0,0,0,0,0,1,0,0,0,0,0,0,24,0,0,0
3/12/20,0.0,0.0,0.0,0.0,0.0,43.0,15.0,2.0,0.0,0.0,6.0,8.0,0.0,0.0,0.0,7.0,2.0,1.0,3.0,2.0,14.0,1.0,3.0,15.0,0.0,4.0,1.0,1.0,0.0,5.0,3.0,1.0,6.0,2.0,107.0,8.0,1.0,0.0,1.0,1.0,5.0,6.0,0.0,-2.0,-3.0,-1.0,9.0,6.0,0.0,1.0,0.0,3.0,124.0,0.0,4.0,1.0,0.0,0.0,0.0,0.0,0.0,0.0,0.0,0.0,0.0,0.0,0.0,1.0,0.0,0.0,0.0,0.0,0.0,0.0,0.0,0.0,0.0,0.0,0.0,0.0,0.0,0.0,0.0,0.0,0.0,0.0,0.0,0.0,0.0,0.0,1.0,0.0,0.0,0.0,0.0,0.0,0.0,0.0,0.0,0.0,0.0,0.0,0.0,0.0,0.0,0.0,0.0,0.0,7.0,0.0,0.0,0.0,0,0,0,9,0,221,45,5,1,0,30,31,0,2,0,32,13,14,4,10,19,1,12,107,2,9,1,2,0,10,10,6,29,5,327,15,1,0,5,3,24,22,0,3,7,7,18,27,3,2,0,12,406,0,8,1,0,0,0,0,0,4,0,0,0,0,2,1,0,0,0,0,0,0,0,0,0,0,0,0,0,0,0,0,0,0,0,0,1,0,1,0,0,0,0,0,0,0,0,0,0,1,0,0,0,0,0,0,31,0,0,0
3/13/20,2.0,0.0,0.0,0.0,0.0,60.0,29.0,6.0,3.0,0.0,15.0,11.0,0.0,0.0,0.0,14.0,0.0,3.0,2.0,2.0,10.0,0.0,6.0,16.0,12.0,1.0,3.0,1.0,0.0,4.0,8.0,0.0,20.0,5.0,94.0,2.0,0.0,0.0,7.0,0.0,6.0,19.0,0.0,0.0,1.0,1.0,8.0,17.0,4.0,0.0,0.0,14.0,97.0,0.0,11.0,0.0,0.0,0.0,0.0,0.0,0.0,0.0,1.0,0.0,0.0,0.0,0.0,0.0,0.0,0.0,0.0,0.0,0.0,0.0,1.0,0.0,0.0,0.0,0.0,0.0,0.0,0.0,0.0,0.0,0.0,0.0,0.0,0.0,0.0,0.0,1.0,0.0,0.0,0.0,0.0,0.0,0.0,0.0,0.0,0.0,0.0,0.0,0.0,0.0,0.0,0.0,0.0,0.0,6.0,0.0,0.0,0.0,2,0,0,9,0,281,74,11,4,0,45,42,0,2,0,46,13,17,6,12,29,1,18,123,14,10,4,3,0,14,18,6,49,10,421,17,1,0,12,3,30,41,0,3,8,8,26,44,7,2,0,26,503,0,19,1,0,0,0,0,0,4,1,0,0,0,2,1,0,0,0,0,0,0,1,0,0,0,0,0,0,0,0,0,0,0,0,0,1,0,2,0,0,0,0,0,0,0,0,0,0,1,0,0,0,0,0,0,37,0,0,0
3/14/20,4.0,1.0,0.0,3.0,3.0,90.0,25.0,12.0,2.0,0.0,19.0,31.0,0.0,2.0,2.0,18.0,3.0,0.0,2.0,4.0,44.0,0.0,2.0,15.0,10.0,11.0,2.0,1.0,4.0,4.0,2.0,1.0,20.0,3.0,167.0,8.0,0.0,0.0,14.0,1.0,6.0,6.0,0.0,17.0,11.0,0.0,6.0,16.0,1.0,3.0,0.0,11.0,100.0,0.0,8.0,1.0,0.0,0.0,0.0,0.0,0.0,-1.0,-1.0,0.0,0.0,0.0,0.0,0.0,0.0,0.0,0.0,0.0,0.0,0.0,0.0,0.0,1.0,0.0,0.0,0.0,0.0,0.0,0.0,0.0,0.0,0.0,0.0,0.0,0.0,0.0,4.0,0.0,0.0,0.0,0.0,0.0,0.0,0.0,0.0,0.0,0.0,0.0,0.0,0.0,0.0,0.0,0.0,1.0,2.0,0.0,0.0,0.0,6,1,0,12,3,371,99,23,6,0,64,73,0,4,2,64,16,17,8,16,73,1,20,138,24,21,6,4,4,18,20,7,69,13,588,25,1,0,26,4,36,47,0,20,19,8,32,60,8,5,0,37,603,0,27,2,0,0,0,0,0,3,0,0,0,0,2,1,0,0,0,0,0,0,1,0,1,0,0,0,0,0,0,0,0,0,0,0,1,0,6,0,0,0,0,0,0,0,0,0,0,1,0,0,0,0,0,1,39,0,0,0
3/15/20,5.0,0.0,0.0,0.0,0.0,2.0,0.0,1.0,0.0,0.0,36.0,26.0,0.0,2.0,2.0,2.0,4.0,1.0,0.0,2.0,14.0,1.0,4.0,0.0,8.0,0.0,0.0,1.0,2.0,-1.0,0.0,0.0,3.0,0.0,27.0,7.0,0.0,0.0,4.0,0.0,0.0,0.0,0.0,0.0,0.0,0.0,0.0,3.0,10.0,0.0,0.0,0.0,0.0,0.0,1.0,0.0,0.0,0.0,0.0,0.0,0.0,2.0,1.0,0.0,0.0,0.0,1.0,0.0,0.0,0.0,0.0,0.0,0.0,0.0,0.0,0.0,1.0,0.0,0.0,0.0,0.0,0.0,0.0,0.0,0.0,0.0,0.0,0.0,1.0,0.0,6.0,0.0,0.0,0.0,0.0,0.0,1.0,0.0,0.0,0.0,0.0,0.0,0.0,0.0,0.0,0.0,0.0,0.0,1.0,0.0,0.0,0.0,11,1,0,12,3,373,99,24,6,0,100,99,0,6,4,66,20,18,8,18,87,2,24,138,32,21,6,5,6,17,20,7,72,13,615,32,1,0,30,4,36,47,0,20,19,8,32,63,18,5,0,37,603,0,28,2,0,0,0,0,0,5,1,0,0,0,3,1,0,0,0,0,0,0,1,0,2,0,0,0,0,0,0,0,0,0,0,0,2,0,12,0,0,0,0,0,1,0,0,0,0,1,0,0,0,0,0,1,40,0,0,0
3/16/20,18.0,0.0,0.0,6.0,0.0,184.0,33.0,17.0,2.0,22.0,1.0,22.0,3.0,2.0,0.0,17.0,5.0,5.0,3.0,3.0,28.0,15.0,18.0,49.0,22.0,32.0,6.0,1.0,0.0,1.0,25.0,10.0,104.0,8.0,352.0,7.0,0.0,0.0,20.0,6.0,3.0,32.0,5.0,1.0,11.0,2.0,20.0,22.0,10.0,7.0,1.0,12.0,176.0,0.0,20.0,0.0,0.0,0.0,0.0,0.0,0.0,2.0,0.0,0.0,0.0,0.0,0.0,0.0,0.0,0.0,0.0,0.0,1.0,0.0,0.0,1.0,1.0,0.0,0.0,0.0,0.0,0.0,0.0,0.0,0.0,0.0,1.0,0.0,0.0,0.0,12.0,0.0,0.0,0.0,0.0,0.0,0.0,0.0,0.0,0.0,1.0,0.0,0.0,0.0,0.0,0.0,0.0,1.0,8.0,0.0,0.0,0.0,29,1,0,18,3,557,132,41,8,22,101,121,3,8,4,83,25,23,11,21,115,17,42,187,54,53,12,6,6,18,45,17,176,21,967,39,1,0,50,10,39,79,5,21,30,10,52,85,28,12,1,49,779,0,48,2,0,0,0,0,0,7,1,0,0,0,3,1,0,0,0,0,1,0,1,1,3,0,0,0,0,0,0,0,0,0,1,0,2,0,24,0,0,0,0,0,1,0,0,0,1,1,0,0,0,0,0,2,48,0,0,0
3/17/20,10.0,2.0,0.0,2.0,0.0,143.0,35.0,27.0,8.0,0.0,89.0,25.0,0.0,2.0,4.0,78.0,5.0,0.0,7.0,5.0,81.0,9.0,18.0,30.0,9.0,6.0,9.0,6.0,2.0,5.0,10.0,9.0,74.0,2.0,611.0,25.0,2.0,0.0,17.0,7.0,27.0,33.0,0.0,2.0,17.0,1.0,22.0,25.0,11.0,0.0,1.0,18.0,176.0,0.0,25.0,9.0,0.0,0.0,0.0,0.0,0.0,5.0,1.0,0.0,0.0,0.0,2.0,0.0,0.0,0.0,0.0,1.0,1.0,0.0,0.0,0.0,1.0,0.0,0.0,0.0,0.0,0.0,0.0,0.0,0.0,0.0,0.0,0.0,1.0,0.0,14.0,0.0,0.0,0.0,0.0,0.0,0.0,0.0,0.0,0.0,0.0,0.0,0.0,1.0,0.0,0.0,0.0,0.0,7.0,0.0,0.0,0.0,39,3,0,20,3,700,167,68,16,22,190,146,3,10,8,161,30,23,18,26,196,26,60,217,63,59,21,12,8,23,55,26,250,23,1578,64,3,0,67,17,66,112,5,23,47,11,74,110,39,12,2,67,955,0,73,11,0,0,0,0,0,12,2,0,0,0,5,1,0,0,0,1,2,0,1,1,4,0,0,0,0,0,0,0,0,0,1,0,3,0,38,0,0,0,0,0,1,0,0,0,1,1,0,1,0,0,0,2,55,0,0,0
3/18/20,12.0,2.0,0.0,7.0,1.0,128.0,51.0,28.0,3.0,9.0,116.0,51.0,2.0,5.0,1.0,111.0,8.0,15.0,4.0,2.0,61.0,9.0,25.0,35.0,56.0,18.0,13.0,6.0,2.0,1.0,0.0,11.0,147.0,5.0,1460.0,28.0,3.0,0.0,22.0,0.0,9.0,43.0,0.0,10.0,13.0,0.0,26.0,86.0,8.0,1.0,0.0,12.0,67.0,1.0,38.0,5.0,0.0,0.0,0.0,0.0,0.0,4.0,0.0,1.0,0.0,0.0,2.0,2.0,0.0,0.0,0.0,0.0,0.0,0.0,0.0,0.0,2.0,0.0,0.0,0.0,1.0,0.0,0.0,1.0,0.0,0.0,0.0,0.0,2.0,0.0,25.0,0.0,0.0,0.0,0.0,0.0,2.0,1.0,0.0,0.0,0.0,0.0,0.0,2.0,0.0,0.0,0.0,0.0,12.0,0.0,0.0,0.0,51,5,0,27,4,828,218,96,19,31,306,197,5,15,9,272,38,38,22,28,257,35,85,252,119,77,34,18,10,24,55,37,397,28,3038,92,6,0,89,17,75,155,5,33,60,11,100,196,47,13,2,79,1022,1,111,16,0,0,0,0,0,16,2,1,0,0,7,3,0,0,0,1,2,0,1,1,6,0,0,0,1,0,0,1,0,0,1,0,5,0,63,0,0,0,0,0,3,1,0,0,1,1,0,3,0,0,0,2,67,0,0,0
3/19/20,27.0,3.0,0.0,18.0,0.0,177.0,2.0,61.0,11.0,9.0,126.0,85.0,7.0,0.0,14.0,144.0,22.0,6.0,13.0,3.0,87.0,4.0,22.0,63.0,130.0,12.0,16.0,19.0,0.0,5.0,29.0,0.0,236.0,7.0,2648.0,44.0,13.0,0.0,30.0,27.0,13.0,51.0,0.0,11.0,20.0,3.0,32.0,107.0,15.0,0.0,1.0,23.0,201.0,1.0,48.0,2.0,0.0,0.0,0.0,0.0,0.0,2.0,2.0,2.0,0.0,0.0,2.0,0.0,0.0,0.0,0.0,3.0,0.0,0.0,0.0,1.0,4.0,0.0,1.0,0.0,0.0,0.0,1.0,0.0,0.0,0.0,0.0,0.0,0.0,0.0,29.0,0.0,0.0,0.0,0.0,1.0,0.0,0.0,0.0,0.0,0.0,0.0,0.0,2.0,0.0,1.0,0.0,0.0,6.0,0.0,4.0,0.0,78,8,0,45,4,1005,220,157,30,40,432,282,12,15,23,416,60,44,35,31,344,39,107,315,249,89,50,37,10,29,84,37,633,35,5686,136,19,0,119,44,88,206,5,44,80,14,132,303,62,13,3,102,1223,2,159,18,0,0,0,0,0,18,4,3,0,0,9,3,0,0,0,4,2,0,1,2,10,0,1,0,1,0,1,1,0,0,1,0,5,0,92,0,0,0,0,1,3,1,0,0,1,1,0,5,0,1,0,2,73,0,4,0
3/20/20,28.0,3.0,0.0,23.0,0.0,238.0,123.0,37.0,9.0,31.0,132.0,175.0,2.0,21.0,13.0,2.0,26.0,1.0,13.0,33.0,186.0,15.0,42.0,79.0,153.0,24.0,30.0,29.0,9.0,4.0,59.0,11.0,165.0,7.0,2268.0,53.0,7.0,0.0,54.0,5.0,26.0,105.0,9.0,0.0,46.0,0.0,48.0,123.0,33.0,5.0,0.0,21.0,171.0,6.0,60.0,3.0,0.0,0.0,0.0,0.0,0.0,6.0,0.0,1.0,0.0,1.0,0.0,7.0,0.0,0.0,0.0,0.0,1.0,0.0,0.0,0.0,4.0,0.0,1.0,1.0,0.0,0.0,0.0,2.0,0.0,0.0,1.0,0.0,0.0,0.0,55.0,0.0,0.0,0.0,3.0,0.0,0.0,0.0,0.0,0.0,2.0,0.0,1.0,-1.0,0.0,1.0,0.0,0.0,10.0,0.0,-1.0,0.0,106,11,0,68,4,1243,343,194,39,71,564,457,14,36,36,418,86,45,48,64,530,54,149,394,402,113,80,66,19,33,143,48,798,42,7954,189,26,0,173,49,114,311,14,44,126,14,180,426,95,18,3,123,1394,8,219,21,0,0,0,0,0,24,4,4,0,1,9,10,0,0,0,4,3,0,1,2,14,0,2,1,1,0,1,3,0,0,2,0,5,0,147,0,0,0,3,1,3,1,0,0,3,1,1,4,0,2,0,2,83,0,3,0
3/21/20,25.0,2.0,0.0,36.0,0.0,162.0,131.0,0.0,6.0,27.0,198.0,61.0,1.0,0.0,6.0,332.0,42.0,24.0,9.0,0.0,224.0,13.0,44.0,109.0,138.0,21.0,18.0,15.0,7.0,5.0,8.0,13.0,389.0,13.0,3773.0,67.0,2.0,0.0,74.0,4.0,23.0,88.0,7.0,10.0,48.0,0.0,124.0,113.0,23.0,31.0,3.0,34.0,253.0,4.0,63.0,2.0,0.0,0.0,0.0,1.0,0.0,1.0,2.0,0.0,0.0,-1.0,4.0,4.0,0.0,0.0,0.0,1.0,1.0,0.0,1.0,1.0,6.0,0.0,0.0,0.0,2.0,1.0,0.0,0.0,0.0,0.0,0.0,0.0,11.0,0.0,48.0,0.0,0.0,0.0,0.0,0.0,1.0,1.0,1.0,0.0,0.0,0.0,0.0,1.0,0.0,0.0,0.0,1.0,11.0,0.0,1.0,0.0,131,13,0,104,4,1405,474,194,45,98,762,518,15,36,42,750,128,69,57,64,754,67,193,503,540,134,98,81,26,38,151,61,1187,55,11727,256,28,0,247,53,137,399,21,54,174,14,304,539,118,49,6,157,1647,12,282,23,0,0,0,1,0,25,6,4,0,0,13,14,0,0,0,5,4,0,2,3,20,0,2,1,3,1,1,3,0,0,2,0,16,0,195,0,0,0,3,1,4,2,1,0,3,1,1,5,0,2,0,3,94,0,4,0
3/22/20,26.0,5.0,0.0,48.0,40.0,241.0,116.0,133.0,11.0,4.0,241.0,67.0,12.0,17.0,0.0,297.0,76.0,21.0,8.0,0.0,33.0,14.0,51.0,113.0,495.0,33.0,109.0,19.0,7.0,13.0,3.0,12.0,506.0,2.0,4050.0,49.0,0.0,0.0,109.0,14.0,24.0,110.0,2.0,21.0,22.0,7.0,89.0,104.0,44.0,3.0,0.0,63.0,186.0,4.0,99.0,3.0,0.0,0.0,0.0,1.0,0.0,5.0,0.0,4.0,0.0,2.0,0.0,1.0,1.0,0.0,0.0,1.0,2.0,0.0,0.0,0.0,0.0,0.0,1.0,1.0,6.0,0.0,0.0,0.0,0.0,0.0,0.0,0.0,0.0,0.0,53.0,0.0,0.0,0.0,0.0,1.0,1.0,2.0,0.0,0.0,0.0,0.0,1.0,2.0,1.0,0.0,0.0,3.0,3.0,0.0,0.0,0.0,157,18,0,152,44,1646,590,327,56,102,1003,585,27,53,42,1047,204,90,65,64,787,81,244,616,1035,167,207,100,33,51,154,73,1693,57,15777,305,28,0,356,67,161,509,23,75,196,21,393,643,162,52,6,220,1833,16,381,26,0,0,0,2,0,30,6,8,0,2,13,15,1,0,0,6,6,0,2,3,20,0,3,2,9,1,1,3,0,0,2,0,16,0,248,0,0,0,3,2,5,4,1,0,3,1,2,7,1,2,0,6,97,0,4,0
3/23/20,39.0,12.0,0.0,83.0,145.0,462.0,113.0,88.0,12.0,18.0,224.0,142.0,2.0,3.0,26.0,175.0,10.0,15.0,19.0,44.0,374.0,21.0,46.0,108.0,290.0,66.0,42.0,83.0,0.0,0.0,2.0,5.0,732.0,26.0,5000.0,48.0,2.0,0.0,87.0,14.0,30.0,189.0,8.0,26.0,102.0,7.0,78.0,115.0,82.0,23.0,1.0,34.0,243.0,0.0,44.0,0.0,0.0,0.0,0.0,0.0,0.0,9.0,1.0,2.0,0.0,0.0,4.0,0.0,0.0,0.0,0.0,6.0,1.0,0.0,0.0,1.0,15.0,0.0,0.0,0.0,6.0,0.0,0.0,1.0,0.0,0.0,2.0,1.0,2.0,0.0,103.0,0.0,0.0,0.0,3.0,0.0,0.0,2.0,1.0,0.0,2.0,0.0,0.0,2.0,0.0,0.0,0.0,0.0,12.0,0.0,1.0,0.0,196,30,0,235,189,2108,703,415,68,120,1227,727,29,56,68,1222,214,105,84,108,1161,102,290,724,1325,233,249,183,33,51,156,78,2425,83,20777,353,30,0,443,81,191,698,31,101,298,28,471,758,244,75,7,254,2076,16,425,26,0,0,0,2,0,39,7,10,0,2,17,15,1,0,0,12,7,0,2,4,35,0,3,2,15,1,1,4,0,0,4,1,18,0,351,0,0,0,6,2,5,6,2,0,5,1,2,9,1,2,0,6,109,0,5,0
3/24/20,46.0,4.0,0.0,91.0,17.0,430.0,15.0,203.0,36.0,21.0,185.0,218.0,3.0,14.0,13.0,315.0,154.0,17.0,16.0,8.0,215.0,16.0,59.0,350.0,462.0,28.0,71.0,68.0,12.0,15.0,107.0,23.0,605.0,17.0,4904.0,142.0,6.0,0.0,124.0,25.0,19.0,248.0,8.0,0.0,44.0,2.0,168.0,197.0,41.0,20.0,10.0,39.0,140.0,6.0,56.0,3.0,0.0,0.0,0.0,1.0,1.0,11.0,1.0,2.0,0.0,0.0,0.0,0.0,0.0,1.0,0.0,0.0,5.0,0.0,0.0,0.0,10.0,0.0,1.0,0.0,9.0,0.0,0.0,3.0,0.0,0.0,0.0,0.0,0.0,0.0,122.0,0.0,0.0,0.0,2.0,1.0,3.0,2.0,0.0,0.0,0.0,0.0,0.0,3.0,0.0,3.0,0.0,3.0,7.0,0.0,0.0,0.0,242,34,0,326,206,2538,718,618,104,141,1412,945,32,70,81,1537,368,122,100,116,1376,118,349,1074,1787,261,320,251,45,66,263,101,3030,100,25681,495,36,0,567,106,210,946,39,101,342,30,639,955,285,95,17,293,2216,22,481,29,0,0,0,3,1,50,8,12,0,2,17,15,1,1,0,12,12,0,2,4,45,0,4,2,24,1,1,7,0,0,4,1,18,0,473,0,0,0,8,3,8,8,2,0,5,1,2,12,1,5,0,9,116,0,5,0
3/25/20,139.0,7.0,0.0,75.0,54.0,460.0,285.0,257.0,15.0,46.0,270.0,156.0,5.0,0.0,10.0,326.0,109.0,24.0,34.0,27.0,408.0,22.0,76.0,605.0,502.0,25.0,57.0,103.0,20.0,5.0,45.0,7.0,442.0,13.0,5160.0,95.0,9.0,0.0,137.0,58.0,56.0,314.0,12.0,0.0,82.0,11.0,96.0,274.0,41.0,28.0,0.0,103.0,324.0,17.0,140.0,15.0,1.0,0.0,0.0,1.0,0.0,15.0,8.0,7.0,0.0,0.0,6.0,1.0,0.0,-1.0,0.0,7.0,2.0,1.0,1.0,1.0,19.0,0.0,0.0,4.0,19.0,0.0,2.0,1.0,0.0,0.0,2.0,0.0,0.0,1.0,155.0,1.0,0.0,0.0,3.0,2.0,2.0,7.0,0.0,0.0,2.0,0.0,1.0,3.0,0.0,0.0,0.0,0.0,17.0,0.0,2.0,0.0,381,41,0,401,260,2998,1003,875,119,187,1682,1101,37,70,91,1863,477,146,134,143,1784,140,425,1679,2289,286,377,354,65,71,308,108,3472,113,30841,590,45,0,704,164,266,1260,51,101,424,41,735,1229,326,123,17,396,2540,39,621,44,1,0,0,4,1,65,16,19,0,2,23,16,1,0,0,19,14,1,3,5,64,0,4,6,43,1,3,8,0,0,6,1,18,1,628,1,0,0,11,5,10,15,2,0,7,1,3,15,1,5,0,9,133,0,7,0
3/26/20,136.0,15.0,0.0,107.0,51.0,901.0,325.0,137.0,11.0,44.0,675.0,258.0,8.0,17.0,55.0,7.0,168.0,33.0,38.0,0.0,507.0,14.0,158.0,471.0,549.0,58.0,108.0,166.0,25.0,3.0,108.0,29.0,1926.0,0.0,7036.0,148.0,6.0,0.0,164.0,84.0,50.0,535.0,13.0,31.0,0.0,5.0,133.0,334.0,56.0,27.0,0.0,70.0,598.0,13.0,107.0,9.0,0.0,0.0,0.0,0.0,0.0,16.0,3.0,2.0,1.0,1.0,6.0,0.0,0.0,0.0,3.0,7.0,3.0,0.0,0.0,0.0,18.0,0.0,0.0,10.0,18.0,1.0,3.0,1.0,0.0,0.0,0.0,0.0,0.0,0.0,229.0,2.0,0.0,0.0,4.0,2.0,1.0,3.0,0.0,0.0,2.0,0.0,0.0,6.0,0.0,0.0,0.0,1.0,17.0,0.0,3.0,0.0,517,56,0,508,311,3899,1328,1012,130,231,2357,1359,45,87,146,1870,645,179,172,143,2291,154,583,2150,2838,344,485,520,90,74,416,137,5398,113,37877,738,51,0,868,248,316,1795,64,132,424,46,868,1563,382,150,17,466,3138,52,728,53,1,0,0,4,1,81,19,21,1,3,29,16,1,0,3,26,17,1,3,5,82,0,4,16,61,2,6,9,0,0,6,1,18,1,857,3,0,0,15,7,11,18,2,0,9,1,3,21,1,5,0,10,150,0,10,0
3/27/20,70.0,2.0,0.0,157.0,35.0,746.0,3.0,279.0,33.0,40.0,543.0,424.0,6.0,13.0,59.0,1154.0,334.0,56.0,34.0,0.0,437.0,11.0,192.0,787.0,788.0,52.0,94.0,146.0,19.0,6.0,104.0,17.0,1443.0,23.0,6999.0,149.0,17.0,0.0,269.0,74.0,100.0,550.0,15.0,0.0,118.0,12.0,137.0,374.0,76.0,28.0,2.0,141.0,272.0,24.0,137.0,17.0,3.0,0.0,0.0,7.0,0.0,13.0,0.0,6.0,0.0,0.0,6.0,6.0,0.0,0.0,0.0,8.0,8.0,2.0,1.0,2.0,36.0,1.0,0.0,10.0,31.0,0.0,2.0,0.0,0.0,0.0,4.0,0.0,8.0,0.0,267.0,1.0,1.0,0.0,4.0,1.0,1.0,4.0,1.0,0.0,4.0,0.0,0.0,5.0,0.0,0.0,0.0,0.0,7.0,0.0,4.0,0.0,587,58,0,665,346,4645,1331,1291,163,271,2900,1783,51,100,205,3024,979,235,206,143,2728,165,775,2937,3626,396,579,666,109,80,520,154,6841,136,44876,887,68,0,1137,322,416,2345,79,132,542,58,1005,1937,458,178,19,607,3410,76,865,70,4,0,0,11,1,94,19,27,1,3,35,22,1,0,3,34,25,3,4,7,118,1,4,26,92,2,8,9,0,0,10,1,26,1,1124,4,1,0,19,8,12,22,3,0,13,1,3,26,1,5,0,10,157,0,14,0
3/28/20,107.0,27.0,0.0,108.0,31.0,450.0,273.0,233.0,51.0,33.0,863.0,353.0,4.0,45.0,29.0,459.0,254.0,63.0,60.0,87.0,578.0,43.0,220.0,964.0,962.0,45.0,84.0,170.0,20.0,16.0,13.0,33.0,1805.0,72.0,7534.0,133.0,26.0,0.0,269.0,55.0,63.0,500.0,21.0,0.0,118.0,10.0,197.0,518.0,130.0,26.0,3.0,133.0,620.0,20.0,190.0,12.0,0.0,1.0,0.0,0.0,0.0,16.0,11.0,6.0,4.0,1.0,11.0,45.0,0.0,0.0,1.0,13.0,6.0,0.0,0.0,2.0,18.0,0.0,0.0,9.0,19.0,3.0,5.0,1.0,1.0,2.0,0.0,1.0,28.0,0.0,355.0,1.0,0.0,0.0,6.0,7.0,1.0,12.0,0.0,0.0,2.0,0.0,0.0,4.0,0.0,0.0,0.0,3.0,31.0,0.0,3.0,0.0,694,85,0,773,377,5095,1604,1524,214,304,3763,2136,55,145,234,3483,1233,298,266,230,3306,208,995,3901,4588,441,663,836,129,96,533,187,8646,208,52410,1020,94,0,1406,377,479,2845,100,132,660,68,1202,2455,588,204,22,740,4030,96,1055,82,4,1,0,11,1,110,30,33,5,4,46,67,1,0,4,47,31,3,4,9,136,1,4,35,111,5,13,10,1,2,10,2,54,1,1479,5,1,0,25,15,13,34,3,0,15,1,3,30,1,5,0,13,188,0,17,0
3/29/20,131.0,17.0,0.0,146.0,18.0,757.0,517.0,469.0,18.0,38.0,483.0,253.0,1.0,0.0,47.0,1105.0,280.0,38.0,64.0,139.0,226.0,40.0,244.0,594.0,805.0,62.0,96.0,79.0,25.0,8.0,118.0,27.0,1720.0,29.0,7238.0,171.0,4.0,0.0,247.0,52.0,69.0,587.0,27.0,105.0,114.0,22.0,178.0,337.0,118.0,24.0,1.0,150.0,310.0,17.0,109.0,4.0,6.0,0.0,0.0,0.0,0.0,13.0,16.0,1.0,1.0,1.0,8.0,11.0,0.0,0.0,1.0,19.0,1.0,1.0,3.0,0.0,15.0,2.0,5.0,4.0,21.0,0.0,1.0,3.0,0.0,0.0,5.0,0.0,51.0,1.0,378.0,2.0,0.0,0.0,4.0,1.0,0.0,7.0,0.0,0.0,1.0,0.0,1.0,7.0,1.0,0.0,0.0,2.0,10.0,0.0,1.0,0.0,825,102,0,919,395,5852,2121,1993,232,342,4246,2389,56,145,281,4588,1513,336,330,369,3532,248,1239,4495,5393,503,759,915,154,104,651,214,10366,237,59648,1191,98,0,1653,429,548,3432,127,237,774,90,1380,2792,706,228,23,890,4340,113,1164,86,10,1,0,11,1,123,46,34,6,5,54,78,1,0,5,66,32,4,7,9,151,3,9,39,132,5,14,13,1,2,15,2,105,2,1857,7,1,0,29,16,13,41,3,0,16,1,4,37,2,5,0,15,198,0,18,0
3/30/20,74.0,12.0,0.0,238.0,29.0,1286.0,4.0,402.0,32.0,59.0,1226.0,255.0,2.0,22.0,59.0,455.0,273.0,88.0,42.0,57.0,479.0,22.0,174.0,768.0,1010.0,73.0,-1.0,136.0,17.0,39.0,229.0,44.0,2423.0,0.0,7015.0,122.0,11.0,0.0,280.0,52.0,58.0,723.0,47.0,0.0,151.0,11.0,190.0,355.0,73.0,0.0,7.0,130.0,309.0,32.0,66.0,8.0,0.0,0.0,0.0,0.0,4.0,23.0,0.0,2.0,0.0,4.0,5.0,8.0,0.0,0.0,1.0,7.0,3.0,2.0,1.0,0.0,34.0,0.0,5.0,8.0,52.0,4.0,0.0,0.0,4.0,0.0,0.0,1.0,2.0,0.0,401.0,-1.0,0.0,0.0,11.0,0.0,3.0,9.0,3.0,0.0,2.0,0.0,6.0,8.0,2.0,0.0,0.0,0.0,7.0,1.0,2.0,0.0,899,114,0,1157,424,7138,2125,2395,264,401,5472,2644,58,167,340,5043,1786,424,372,426,4011,270,1413,5263,6403,576,758,1051,171,143,880,258,12789,237,66663,1313,109,0,1933,481,606,4155,174,237,925,101,1570,3147,779,228,30,1020,4649,145,1230,94,10,1,0,11,5,146,46,36,6,9,59,86,1,0,6,73,35,6,8,9,185,3,14,47,184,9,14,13,5,2,15,3,107,2,2258,6,1,0,40,16,16,50,6,0,18,1,10,45,4,5,0,15,205,1,20,0
3/31/20,88.0,5.0,0.0,132.0,65.0,1072.0,712.0,656.0,55.0,94.0,1267.0,1120.0,11.0,24.0,175.0,933.0,372.0,71.0,62.0,188.0,1204.0,27.0,247.0,1024.0,1099.0,53.0,179.0,306.0,27.0,26.0,132.0,99.0,2221.0,78.0,9170.0,222.0,13.0,2.0,266.0,85.0,84.0,808.0,65.0,67.0,158.0,7.0,324.0,662.0,87.0,54.0,0.0,229.0,509.0,17.0,182.0,15.0,5.0,0.0,0.0,1.0,0.0,27.0,22.0,31.0,1.0,0.0,26.0,24.0,1.0,0.0,2.0,26.0,14.0,0.0,1.0,0.0,50.0,2.0,4.0,33.0,75.0,0.0,6.0,2.0,0.0,1.0,11.0,0.0,-87.0,2.0,481.0,6.0,2.0,0.0,15.0,7.0,2.0,13.0,2.0,0.0,4.0,0.0,2.0,9.0,1.0,0.0,0.0,0.0,20.0,0.0,5.0,0.0,987,119,0,1289,489,8210,2837,3051,319,495,6739,3764,69,191,515,5976,2158,495,434,614,5215,297,1660,6287,7502,629,937,1357,198,169,1012,357,15010,315,75833,1535,122,2,2199,566,690,4963,239,304,1083,108,1894,3809,866,282,30,1249,5158,162,1412,109,15,1,0,12,5,173,68,67,7,9,85,110,2,0,8,99,49,6,9,9,235,5,18,80,259,9,20,15,5,3,26,3,20,4,2739,12,3,0,55,23,18,63,8,0,22,1,12,54,5,5,0,15,225,1,25,0
4/1/20,73.0,13.0,0.0,124.0,51.0,1189.0,16.0,321.0,49.0,91.0,214.0,358.0,8.0,18.0,51.0,976.0,406.0,52.0,51.0,0.0,1181.0,0.0,326.0,1200.0,1629.0,60.0,136.0,256.0,10.0,38.0,119.0,10.0,2733.0,12.0,8115.0,140.0,20.0,4.0,348.0,153.0,46.0,1046.0,47.0,102.0,210.0,21.0,354.0,546.0,0.0,25.0,0.0,234.0,147.0,29.0,144.0,21.0,12.0,0.0,0.0,2.0,1.0,25.0,0.0,16.0,4.0,0.0,0.0,27.0,1.0,0.0,1.0,42.0,16.0,2.0,1.0,6.0,38.0,0.0,1.0,33.0,75.0,0.0,2.0,3.0,1.0,1.0,5.0,0.0,335.0,1.0,613.0,2.0,0.0,1.0,10.0,6.0,1.0,11.0,3.0,0.0,4.0,1.0,1.0,12.0,0.0,0.0,0.0,0.0,9.0,0.0,2.0,0.0,1060,132,0,1413,540,9399,2853,3372,368,586,6953,4122,77,209,566,6952,2564,547,485,614,6396,297,1986,7487,9131,689,1073,1613,208,207,1131,367,17743,327,83948,1675,142,6,2547,719,736,6009,286,406,1293,129,2248,4355,866,307,30,1483,5305,191,1556,130,27,1,0,14,6,198,68,83,11,9,85,137,3,0,9,141,65,8,10,15,273,5,19,113,334,9,22,18,6,4,31,3,355,5,3352,14,3,1,65,29,19,74,11,0,26,2,13,66,5,5,0,15,234,1,27,0
4/2/20,173.0,11.0,0.0,183.0,60.0,1374.0,361.0,278.0,25.0,67.0,2046.0,448.0,5.0,29.0,201.0,706.0,474.0,67.0,68.0,43.0,2715.0,71.0,345.0,1209.0,1434.0,53.0,104.0,244.0,33.0,37.0,184.0,112.0,2981.0,45.0,8558.0,302.0,17.0,0.0,354.0,160.0,90.0,1259.0,30.0,159.0,261.0,36.0,516.0,714.0,198.0,26.0,0.0,223.0,740.0,25.0,192.0,20.0,0.0,0.0,0.0,18.0,0.0,40.0,7.0,28.0,1.0,3.0,59.0,25.0,0.0,1.0,0.0,22.0,13.0,2.0,2.0,2.0,36.0,2.0,17.0,32.0,82.0,1.0,4.0,4.0,0.0,0.0,7.0,-2.0,178.0,1.0,703.0,7.0,0.0,0.0,16.0,5.0,2.0,16.0,1.0,0.0,5.0,0.0,22.0,11.0,2.0,0.0,0.0,0.0,37.0,0.0,6.0,0.0,1233,143,0,1596,600,10773,3214,3650,393,653,8999,4570,82,238,767,7658,3038,614,553,657,9111,368,2331,8696,10565,742,1177,1857,241,244,1315,479,20724,372,92506,1977,159,6,2901,879,826,7268,316,565,1554,165,2764,5069,1064,333,30,1706,6045,216,1748,150,27,1,0,32,6,238,75,111,12,12,144,162,3,1,9,163,78,10,12,17,309,7,36,145,416,10,26,22,6,4,38,1,533,6,4055,21,3,1,81,34,21,90,12,0,31,2,35,77,7,5,0,15,271,1,33,0
4/3/20,262.0,14.0,0.0,173.0,57.0,1231.0,384.0,1046.0,57.0,104.0,1259.0,754.0,2.0,68.0,124.0,831.0,399.0,85.0,76.0,0.0,1146.0,53.0,427.0,1493.0,1890.0,46.0,181.0,7.0,2.0,34.0,183.0,0.0,4363.0,115.0,10481.0,274.0,14.0,2.0,411.0,109.0,73.0,1302.0,0.0,0.0,146.0,22.0,62.0,665.0,184.0,50.0,7.0,306.0,300.0,21.0,264.0,12.0,11.0,0.0,0.0,0.0,0.0,25.0,21.0,19.0,0.0,3.0,19.0,18.0,1.0,2.0,0.0,46.0,24.0,0.0,6.0,14.0,57.0,0.0,7.0,38.0,61.0,1.0,3.0,3.0,-1.0,1.0,5.0,2.0,109.0,4.0,740.0,6.0,0.0,0.0,10.0,4.0,1.0,12.0,3.0,3.0,3.0,0.0,5.0,23.0,0.0,0.0,0.0,0.0,20.0,1.0,14.0,0.0,1495,157,0,1769,657,12004,3598,4696,450,757,10258,5324,84,306,891,8489,3437,699,629,657,10257,421,2758,10189,12455,788,1358,1864,243,278,1498,479,25087,487,102987,2251,173,8,3312,988,899,8570,316,565,1700,187,2826,5734,1248,383,37,2012,6345,237,2012,162,38,1,0,32,6,263,96,130,12,15,163,180,4,3,9,209,102,10,18,31,366,7,43,183,477,11,29,25,5,5,43,3,642,10,4795,27,3,1,91,38,22,102,15,3,34,2,40,100,7,5,0,15,291,2,47,0
4/4/20,119.0,14.0,0.0,250.0,33.0,833.0,432.0,339.0,143.0,145.0,1278.0,591.0,9.0,35.0,131.0,1810.0,516.0,88.0,69.0,231.0,2208.0,23.0,367.0,1273.0,1435.0,75.0,97.0,443.0,22.0,42.0,210.0,61.0,5102.0,17.0,10846.0,235.0,13.0,0.0,427.0,171.0,0.0,1874.0,136.0,0.0,217.0,25.0,215.0,833.0,180.0,67.0,3.0,395.0,419.0,45.0,18.0,25.0,6.0,0.0,0.0,18.0,0.0,26.0,14.0,34.0,0.0,6.0,31.0,17.0,0.0,0.0,1.0,34.0,14.0,1.0,0.0,3.0,43.0,0.0,11.0,24.0,61.0,8.0,6.0,8.0,1.0,0.0,3.0,0.0,190.0,1.0,769.0,7.0,0.0,0.0,11.0,4.0,0.0,34.0,3.0,0.0,6.0,0.0,9.0,16.0,1.0,0.0,0.0,1.0,24.0,0.0,3.0,0.0,1614,171,0,2019,690,12837,4030,5035,593,902,11536,5915,93,341,1022,10299,3953,787,698,888,12465,444,3125,11462,13890,863,1455,2307,265,320,1708,540,30189,504,113833,2486,186,8,3739,1159,899,10444,452,565,1917,212,3041,6567,1428,450,40,2407,6764,282,2030,187,44,1,0,50,6,289,110,164,12,21,194,197,4,3,10,243,116,11,18,34,409,7,54,207,538,19,35,33,6,5,46,3,832,11,5564,34,3,1,102,42,22,136,18,3,40,2,49,116,8,5,0,16,315,2,50,0
4/5/20,151.0,14.0,0.0,250.0,90.0,2197.0,669.0,418.0,80.0,100.0,810.0,454.0,19.0,21.0,56.0,898.0,458.0,82.0,53.0,33.0,514.0,15.0,492.0,823.0,1396.0,65.0,183.0,37.0,21.0,43.0,122.0,77.0,3495.0,120.0,9327.0,163.0,21.0,0.0,304.0,93.0,169.0,1145.0,23.0,119.0,132.0,28.0,241.0,642.0,171.0,49.0,2.0,230.0,528.0,42.0,290.0,10.0,1.0,0.0,0.0,4.0,0.0,59.0,29.0,24.0,0.0,1.0,27.0,9.0,0.0,1.0,0.0,31.0,11.0,7.0,0.0,11.0,64.0,0.0,13.0,15.0,77.0,7.0,8.0,11.0,0.0,2.0,0.0,0.0,72.0,1.0,883.0,4.0,0.0,0.0,17.0,4.0,5.0,15.0,2.0,0.0,4.0,0.0,3.0,20.0,0.0,0.0,1.0,0.0,21.0,1.0,24.0,0.0,1765,185,0,2269,780,15034,4699,5453,673,1002,12346,6369,112,362,1078,11197,4411,869,751,921,12979,459,3617,12285,15286,928,1638,2344,286,363,1830,617,33684,624,123160,2649,207,8,4043,1252,1068,11589,475,684,2049,240,3282,7209,1599,499,42,2637,7292,324,2320,197,45,1,0,54,6,348,139,188,12,22,221,206,4,4,10,274,127,18,18,45,473,7,67,222,615,26,43,44,6,7,46,3,904,12,6447,38,3,1,119,46,27,151,20,3,44,2,52,136,8,5,1,16,336,3,74,0
4/6/20,187.0,5.0,0.0,191.0,28.0,942.0,208.0,1189.0,110.0,95.0,971.0,625.0,1.0,14.0,23.0,993.0,525.0,77.0,98.0,0.0,1840.0,29.0,428.0,1306.0,1473.0,52.0,100.0,391.0,13.0,53.0,90.0,97.0,3885.0,62.0,8655.0,313.0,18.0,0.0,410.0,75.0,0.0,1538.0,38.0,66.0,183.0,48.0,161.0,834.0,79.0,23.0,1.0,241.0,371.0,21.0,129.0,13.0,4.0,0.0,0.0,1.0,0.0,32.0,10.0,18.0,3.0,2.0,14.0,18.0,0.0,1.0,0.0,32.0,4.0,7.0,2.0,0.0,36.0,0.0,24.0,28.0,110.0,4.0,8.0,2.0,0.0,2.0,0.0,0.0,85.0,0.0,1053.0,7.0,0.0,0.0,23.0,5.0,0.0,28.0,1.0,0.0,4.0,2.0,12.0,14.0,5.0,0.0,0.0,0.0,45.0,1.0,4.0,0.0,1952,190,0,2460,808,15976,4907,6642,783,1097,13317,6994,113,376,1101,12190,4936,946,849,921,14819,488,4045,13591,16759,980,1738,2735,299,416,1920,714,37569,686,131815,2962,225,8,4453,1327,1068,13127,513,750,2232,288,3443,8043,1678,522,43,2878,7663,345,2449,210,49,1,0,55,6,380,149,206,15,24,235,224,4,5,10,306,131,25,20,45,509,7,91,250,725,30,51,46,6,9,46,3,989,12,7500,45,3,1,142,51,27,179,21,3,48,4,64,150,13,5,1,16,381,4,78,0
4/7/20,217.0,23.0,0.0,115.0,94.0,1333.0,270.0,847.0,145.0,114.0,1226.0,1339.0,8.0,25.0,69.0,1298.0,574.0,100.0,63.0,76.0,1416.0,22.0,326.0,1382.0,1684.0,83.0,177.0,394.0,20.0,30.0,171.0,0.0,4640.0,108.0,8060.0,337.0,12.0,0.0,329.0,145.0,64.0,1726.0,60.0,126.0,185.0,32.0,347.0,882.0,61.0,50.0,0.0,457.0,352.0,67.0,129.0,6.0,15.0,4.0,0.0,4.0,0.0,52.0,0.0,68.0,1.0,-2.0,19.0,98.0,0.0,0.0,3.0,73.0,42.0,-1.0,9.0,15.0,71.0,5.0,12.0,95.0,116.0,4.0,9.0,18.0,0.0,0.0,14.0,0.0,238.0,1.0,1270.0,6.0,1.0,1.0,25.0,16.0,2.0,68.0,2.0,0.0,3.0,2.0,7.0,10.0,0.0,0.0,0.0,0.0,19.0,0.0,14.0,0.0,2169,213,0,2575,902,17309,5177,7489,928,1211,14543,8333,121,401,1170,13488,5510,1046,912,997,16235,510,4371,14973,18443,1063,1915,3129,319,446,2091,714,42209,794,139875,3299,237,8,4782,1472,1132,14853,573,876,2417,320,3790,8925,1739,572,43,3335,8015,412,2578,216,64,5,0,59,6,432,149,274,16,22,254,322,4,5,13,379,173,24,29,60,580,12,103,345,841,34,60,64,6,9,60,3,1227,13,8770,51,4,2,167,67,29,247,23,3,51,6,71,160,13,5,1,16,400,4,92,0
4/8/20,159.0,12.0,0.0,151.0,54.0,1421.0,240.0,0.0,188.0,229.0,910.0,711.0,0.0,0.0,40.0,1517.0,433.0,99.0,134.0,0.0,746.0,19.0,1158.0,1594.0,1413.0,87.0,88.0,79.0,13.0,73.0,168.0,32.0,3837.0,27.0,11186.0,200.0,14.0,3.0,366.0,52.0,49.0,1778.0,47.0,300.0,0.0,73.0,260.0,852.0,109.0,0.0,2.0,310.0,346.0,50.0,132.0,5.0,2.0,0.0,0.0,18.0,0.0,61.0,42.0,0.0,0.0,5.0,55.0,34.0,0.0,0.0,2.0,82.0,30.0,2.0,5.0,0.0,70.0,2.0,21.0,75.0,114.0,5.0,7.0,19.0,0.0,2.0,12.0,0.0,273.0,0.0,912.0,15.0,0.0,0.0,26.0,12.0,4.0,71.0,1.0,0.0,0.0,0.0,9.0,29.0,0.0,0.0,0.0,8.0,26.0,0.0,8.0,0.0,2328,225,0,2726,956,18730,5417,7489,1116,1440,15453,9044,121,401,1210,15005,5943,1145,1046,997,16981,529,5529,16567,19856,1150,2003,3208,332,519,2259,746,46046,821,151061,3499,251,11,5148,1524,1181,16631,620,1176,2417,393,4050,9777,1848,572,45,3645,8361,462,2710,221,66,5,0,77,6,493,191,274,16,27,309,356,4,5,15,461,203,26,34,60,650,14,124,420,955,39,67,83,6,11,72,3,1500,13,9682,66,4,2,193,79,33,318,24,3,51,6,80,189,13,5,1,24,426,4,100,0
4/9/20,375.0,10.0,0.0,292.0,150.0,976.0,0.0,1903.0,93.0,83.0,909.0,502.0,7.0,36.0,22.0,1349.0,408.0,125.0,70.0,268.0,1251.0,27.0,656.0,2171.0,1149.0,88.0,257.0,224.0,22.0,49.0,140.0,41.0,3985.0,44.0,10718.0,237.0,18.0,0.0,364.0,160.0,140.0,1669.0,63.0,0.0,376.0,54.0,271.0,1431.0,8.0,48.0,0.0,397.0,440.0,52.0,176.0,9.0,4.0,0.0,0.0,3.0,15.0,49.0,0.0,104.0,0.0,5.0,45.0,15.0,0.0,0.0,3.0,66.0,42.0,0.0,0.0,8.0,50.0,2.0,14.0,0.0,115.0,11.0,9.0,9.0,0.0,1.0,8.0,0.0,205.0,3.0,1023.0,10.0,1.0,0.0,20.0,1.0,10.0,27.0,9.0,0.0,16.0,0.0,13.0,21.0,0.0,18.0,0.0,7.0,30.0,0.0,11.0,0.0,2703,235,0,3018,1106,19706,5417,9392,1209,1523,16362,9546,128,437,1232,16354,6351,1270,1116,1265,18232,556,6185,18738,21005,1238,2260,3432,354,568,2399,787,50031,865,161779,3736,269,11,5512,1684,1321,18300,683,1176,2793,447,4321,11208,1856,620,45,4042,8801,514,2886,230,70,5,0,80,21,542,191,378,16,32,354,371,4,5,18,527,245,26,34,68,700,16,138,420,1070,50,76,92,6,12,80,3,1705,16,10705,76,5,2,213,80,43,345,33,3,67,6,93,210,13,23,1,31,456,4,111,0
4/10/20,244.0,11.0,0.0,94.0,44.0,1371.0,550.0,739.0,108.0,137.0,1167.0,693.0,2.0,0.0,122.0,1452.0,556.0,118.0,1.0,43.0,967.0,27.0,783.0,2107.0,1208.0,97.0,209.0,465.0,11.0,67.0,177.0,0.0,3908.0,216.0,10569.0,229.0,9.0,0.0,366.0,110.0,1.0,1751.0,42.0,143.0,274.0,89.0,273.0,897.0,247.0,0.0,5.0,467.0,410.0,60.0,182.0,9.0,10.0,0.0,0.0,0.0,0.0,41.0,0.0,66.0,0.0,6.0,36.0,40.0,0.0,0.0,6.0,69.0,55.0,2.0,0.0,1.0,53.0,1.0,33.0,0.0,203.0,7.0,6.0,7.0,0.0,1.0,6.0,0.0,225.0,1.0,900.0,7.0,1.0,0.0,0.0,8.0,0.0,73.0,6.0,0.0,5.0,0.0,4.0,28.0,0.0,0.0,0.0,7.0,27.0,0.0,17.0,0.0,2947,246,0,3112,1150,21077,5967,10131,1317,1660,17529,10239,130,437,1354,17806,6907,1388,1117,1308,19199,583,6968,20845,22213,1335,2469,3897,365,635,2576,787,53939,1081,172348,3965,278,11,5878,1794,1322,20051,725,1319,3067,536,4594,12105,2103,620,50,4509,9211,574,3068,239,80,5,0,80,21,583,191,444,16,38,390,411,4,5,24,596,300,28,34,69,753,17,171,420,1273,57,82,99,6,13,86,3,1930,17,11605,83,6,2,213,88,43,418,39,3,72,6,97,238,13,23,1,38,483,4,128,0
4/11/20,270.0,11.0,0.0,281.0,59.0,625.0,401.0,923.0,149.0,118.0,963.0,523.0,3.0,22.0,42.0,1289.0,528.0,122.0,158.0,0.0,761.0,30.0,726.0,1790.0,1166.0,88.0,173.0,211.0,12.0,64.0,30.0,98.0,3288.0,10.0,8678.0,389.0,15.0,0.0,372.0,74.0,49.0,1668.0,63.0,381.0,144.0,90.0,243.0,918.0,104.0,80.0,1.0,568.0,375.0,3.0,145.0,22.0,12.0,0.0,0.0,8.0,4.0,21.0,57.0,45.0,17.0,9.0,48.0,14.0,1.0,3.0,1.0,81.0,30.0,0.0,10.0,0.0,50.0,2.0,35.0,253.0,103.0,6.0,11.0,17.0,0.0,2.0,0.0,0.0,251.0,2.0,889.0,6.0,1.0,0.0,34.0,6.0,5.0,85.0,3.0,0.0,8.0,0.0,8.0,28.0,0.0,2.0,0.0,1.0,12.0,0.0,9.0,0.0,3217,257,0,3393,1209,21702,6368,11054,1466,1778,18492,10762,133,459,1396,19095,7435,1510,1275,1308,19960,613,7694,22635,23379,1423,2642,4108,377,699,2606,885,57227,1091,181026,4354,293,11,6250,1868,1371,21719,788,1700,3211,626,4837,13023,2207,700,51,5077,9586,577,3213,261,92,5,0,88,25,604,248,489,33,47,438,425,5,8,25,677,330,28,44,69,803,19,206,673,1376,63,93,116,6,15,86,3,2181,19,12494,89,7,2,247,94,48,503,42,3,80,6,105,266,13,25,1,39,495,4,137,0
4/12/20,346.0,15.0,0.0,149.0,46.0,1085.0,783.0,480.0,159.0,97.0,1401.0,472.0,0.0,35.0,11.0,1656.0,493.0,77.0,69.0,543.0,581.0,17.0,531.0,2467.0,635.0,193.0,139.0,161.0,10.0,69.0,207.0,43.0,3349.0,154.0,8007.0,216.0,15.0,0.0,352.0,102.0,155.0,1219.0,109.0,0.0,109.0,104.0,383.0,654.0,92.0,20.0,0.0,197.0,291.0,16.0,128.0,9.0,1.0,0.0,0.0,15.0,2.0,36.0,41.0,61.0,0.0,3.0,23.0,4.0,0.0,1.0,2.0,42.0,13.0,7.0,8.0,0.0,34.0,0.0,30.0,71.0,90.0,7.0,3.0,1.0,0.0,0.0,26.0,0.0,167.0,7.0,908.0,0.0,0.0,0.0,6.0,2.0,4.0,54.0,2.0,0.0,2.0,0.0,0.0,17.0,0.0,2.0,0.0,40.0,11.0,0.0,7.0,0.0,3563,272,0,3542,1255,22787,7151,11534,1625,1875,19893,11234,133,494,1407,20751,7928,1587,1344,1851,20541,630,8225,25102,24014,1616,2781,4269,387,768,2813,928,60576,1245,189033,4570,308,11,6602,1970,1526,22938,897,1700,3320,730,5220,13677,2299,720,51,5274,9877,593,3341,270,93,5,0,103,27,640,289,550,33,50,461,429,5,9,27,719,343,35,52,69,837,19,236,744,1466,70,96,117,6,15,112,3,2348,26,13402,89,7,2,253,96,52,557,44,3,82,6,105,283,13,27,1,79,506,4,144,0
4/13/20,171.0,5.0,0.0,163.0,119.0,1144.0,395.0,1356.0,133.0,80.0,1124.0,862.0,0.0,5.0,19.0,1209.0,431.0,123.0,46.0,55.0,419.0,63.0,711.0,1318.0,1395.0,0.0,161.0,246.0,7.0,23.0,177.0,56.0,2805.0,17.0,6716.0,316.0,23.0,0.0,373.0,99.0,58.0,1354.0,6.0,0.0,71.0,138.0,84.0,598.0,64.0,20.0,0.0,473.0,139.0,18.0,87.0,5.0,6.0,0.0,0.0,11.0,2.0,74.0,17.0,48.0,8.0,2.0,38.0,35.0,0.0,0.0,0.0,78.0,7.0,3.0,5.0,16.0,47.0,0.0,26.0,0.0,131.0,0.0,2.0,6.0,1.0,0.0,2.0,0.0,93.0,0.0,988.0,5.0,1.0,0.0,21.0,3.0,1.0,32.0,1.0,0.0,0.0,0.0,3.0,22.0,0.0,1.0,0.0,0.0,7.0,2.0,10.0,1.0,3734,277,0,3705,1374,23931,7546,12890,1758,1955,21017,12096,133,499,1426,21960,8359,1710,1390,1906,20960,693,8936,26420,25409,1616,2942,4515,394,791,2990,984,63381,1262,195749,4886,331,11,6975,2069,1584,24292,903,1700,3391,868,5304,14275,2363,740,51,5747,10016,611,3428,275,99,5,0,114,29,714,306,598,41,52,499,464,5,9,27,797,350,38,57,85,884,19,262,744,1597,70,98,123,7,15,114,3,2441,26,14390,94,8,2,274,99,53,589,45,3,82,6,108,305,13,28,1,79,513,6,154,1
4/14/20,219.0,8.0,0.0,104.0,79.0,1425.0,285.0,566.0,157.0,103.0,608.0,1530.0,0.0,9.0,38.0,1234.0,168.0,189.0,51.0,119.0,502.0,40.0,536.0,1238.0,1344.0,44.0,145.0,230.0,5.0,88.0,144.0,-63.0,3741.0,83.0,7271.0,227.0,10.0,0.0,310.0,115.0,49.0,1173.0,20.0,0.0,162.0,120.0,127.0,731.0,54.0,-27.0,0.0,435.0,299.0,29.0,126.0,7.0,15.0,0.0,0.0,5.0,3.0,53.0,21.0,69.0,2.0,15.0,25.0,54.0,0.0,0.0,6.0,70.0,37.0,5.0,10.0,21.0,129.0,1.0,40.0,0.0,165.0,9.0,13.0,26.0,0.0,0.0,6.0,-2.0,362.0,5.0,871.0,18.0,0.0,0.0,50.0,9.0,2.0,102.0,0.0,0.0,15.0,0.0,15.0,37.0,0.0,1.0,0.0,0.0,17.0,0.0,16.0,0.0,3953,285,0,3809,1453,25356,7831,13456,1915,2058,21625,13626,133,508,1464,23194,8527,1899,1441,2025,21462,733,9472,27658,26753,1660,3087,4745,399,879,3134,921,67122,1345,203020,5113,341,11,7285,2184,1633,25465,923,1700,3553,988,5431,15006,2417,713,51,6182,10315,640,3554,282,114,5,0,119,32,767,327,667,43,67,524,518,5,9,33,867,387,43,67,106,1013,20,302,744,1762,79,111,149,7,15,120,1,2803,31,15261,112,8,2,324,108,55,691,45,3,97,6,123,342,13,29,1,79,530,6,170,1
4/15/20,122.0,8.0,0.0,155.0,68.0,1330.0,6.0,762.0,82.0,139.0,881.0,415.0,2.0,15.0,9.0,1354.0,433.0,96.0,63.0,107.0,433.0,35.0,560.0,1688.0,1064.0,147.0,273.0,46.0,5.0,3.0,72.0,218.0,2719.0,139.0,11434.0,227.0,24.0,2.0,509.0,79.0,30.0,1288.0,51.0,795.0,103.0,180.0,0.0,901.0,131.0,31.0,0.0,318.0,244.0,62.0,166.0,5.0,4.0,0.0,0.0,9.0,1.0,93.0,1.0,199.0,0.0,5.0,72.0,27.0,0.0,0.0,6.0,81.0,49.0,10.0,4.0,0.0,89.0,4.0,9.0,350.0,152.0,8.0,11.0,4.0,0.0,0.0,11.0,2.0,351.0,5.0,752.0,18.0,1.0,0.0,38.0,15.0,3.0,88.0,6.0,0.0,9.0,0.0,0.0,33.0,0.0,0.0,0.0,15.0,22.0,0.0,13.0,0.0,4075,293,0,3964,1521,26686,7837,14218,1997,2197,22506,14041,135,523,1473,24548,8960,1995,1504,2132,21895,768,10032,29346,27817,1807,3360,4791,404,882,3206,1139,69841,1484,214454,5340,365,13,7794,2263,1663,26753,974,2495,3656,1168,5431,15907,2548,744,51,6500,10559,702,3720,287,118,5,0,128,33,860,328,866,43,72,596,545,5,9,39,948,436,53,71,106,1102,24,311,1094,1914,87,122,153,7,15,131,3,3154,36,16013,130,9,2,362,123,58,779,51,3,106,6,123,375,13,29,1,94,552,6,183,1
4/16/20,270.0,7.0,0.0,273.0,55.0,991.0,338.0,1132.0,56.0,153.0,831.0,777.0,0.0,0.0,114.0,1131.0,582.0,146.0,111.0,226.0,581.0,26.0,752.0,2197.0,750.0,0.0,264.0,383.0,11.0,47.0,6.0,0.0,4428.0,0.0,9237.0,299.0,28.0,0.0,620.0,94.0,73.0,1505.0,69.0,132.0,275.0,143.0,295.0,969.0,135.0,15.0,0.0,389.0,226.0,26.0,155.0,9.0,15.0,0.0,0.0,8.0,4.0,96.0,26.0,103.0,9.0,9.0,72.0,42.0,0.0,0.0,2.0,123.0,40.0,7.0,9.0,23.0,53.0,3.0,8.0,0.0,75.0,0.0,7.0,16.0,0.0,0.0,0.0,0.0,361.0,0.0,716.0,20.0,0.0,0.0,29.0,8.0,6.0,62.0,5.0,0.0,5.0,1.0,12.0,39.0,0.0,4.0,0.0,37.0,27.0,0.0,14.0,0.0,4345,300,0,4237,1576,27677,8175,15350,2053,2350,23337,14818,135,523,1587,25679,9542,2141,1615,2358,22476,794,10784,31543,28567,1807,3624,5174,415,929,3212,1139,74269,1484,223691,5639,393,13,8414,2357,1736,28258,1043,2627,3931,1311,5726,16876,2683,759,51,6889,10785,728,3875,296,133,5,0,136,37,956,354,969,52,81,668,587,5,9,41,1071,476,60,80,129,1155,27,319,1094,1989,87,129,169,7,15,131,3,3515,36,16729,150,9,2,391,131,64,841,56,3,111,7,135,414,13,33,1,131,579,6,197,1
4/17/20,226.0,9.0,0.0,274.0,76.0,1480.0,420.0,964.0,242.0,126.0,1418.0,1341.0,1.0,7.0,22.0,1825.0,612.0,190.0,115.0,77.0,586.0,32.0,788.0,2099.0,1339.0,263.0,169.0,197.0,7.0,45.0,214.0,146.0,3479.0,113.0,6906.0,406.0,0.0,0.0,693.0,0.0,49.0,1630.0,25.0,760.0,168.0,100.0,78.0,973.0,110.0,10.0,0.0,602.0,398.0,47.0,178.0,9.0,15.0,0.0,0.0,5.0,0.0,81.0,17.0,65.0,9.0,5.0,57.0,56.0,0.0,0.0,0.0,60.0,46.0,4.0,2.0,7.0,57.0,2.0,15.0,135.0,232.0,24.0,11.0,15.0,1.0,0.0,10.0,0.0,322.0,8.0,452.0,27.0,0.0,0.0,27.0,0.0,6.0,80.0,2.0,0.0,5.0,0.0,5.0,37.0,10.0,2.0,1.0,33.0,24.0,1.0,9.0,0.0,4571,309,0,4511,1652,29157,8595,16314,2295,2476,24755,16159,136,530,1609,27504,10154,2331,1730,2435,23062,826,11572,33642,29906,2070,3793,5371,422,974,3426,1285,77748,1597,230597,6045,393,13,9107,2357,1785,29888,1068,3387,4099,1411,5804,17849,2793,769,51,7491,11183,775,4053,305,148,5,0,141,37,1037,371,1034,61,86,725,643,5,9,41,1131,522,64,82,136,1212,29,334,1229,2221,111,140,184,8,15,141,3,3837,44,17181,177,9,2,418,131,70,921,58,3,116,7,140,451,23,35,2,164,603,7,206,1
4/18/20,141.0,5.0,0.0,213.0,50.0,1334.0,385.0,711.0,213.0,190.0,734.0,475.0,0.0,38.0,46.0,1572.0,487.0,181.0,91.0,199.0,461.0,20.0,754.0,1997.0,763.0,139.0,181.0,208.0,4.0,215.0,166.0,57.0,2924.0,201.0,6877.0,283.0,135.0,1.0,1115.0,0.0,59.0,1764.0,50.0,-42.0,149.0,131.0,489.0,855.0,124.0,24.0,2.0,562.0,149.0,10.0,146.0,4.0,5.0,0.0,0.0,39.0,1.0,103.0,17.0,49.0,6.0,5.0,23.0,23.0,0.0,0.0,2.0,125.0,23.0,10.0,3.0,2.0,54.0,3.0,87.0,156.0,82.0,10.0,12.0,13.0,2.0,0.0,10.0,0.0,231.0,9.0,520.0,10.0,0.0,0.0,33.0,0.0,2.0,121.0,2.0,0.0,3.0,0.0,1.0,25.0,2.0,2.0,1.0,0.0,10.0,0.0,6.0,0.0,4712,314,0,4724,1702,30491,8980,17025,2508,2666,25489,16634,136,568,1655,29076,10641,2512,1821,2634,23523,846,12326,35639,30669,2209,3974,5579,426,1189,3592,1342,80672,1798,237474,6328,528,14,10222,2357,1844,31652,1118,3345,4248,1542,6293,18704,2917,793,53,8053,11332,785,4199,309,153,5,0,180,38,1140,388,1083,67,91,748,666,5,9,43,1256,545,74,85,138,1266,32,421,1385,2303,121,152,197,10,15,151,3,4068,53,17701,187,9,2,451,131,72,1042,60,3,119,7,141,476,25,37,3,164,613,7,212,1
4/19/20,176.0,5.0,0.0,209.0,33.0,940.0,636.0,408.0,0.0,127.0,822.0,545.0,0.0,6.0,13.0,1166.0,570.0,383.0,84.0,247.0,347.0,19.0,521.0,1623.0,650.0,143.0,300.0,164.0,7.0,245.0,116.0,48.0,4044.0,47.0,5908.0,270.0,57.0,0.0,1380.0,210.0,66.0,1250.0,95.0,331.0,129.0,93.0,415.0,556.0,152.0,10.0,0.0,489.0,487.0,105.0,147.0,4.0,4.0,0.0,0.0,3.0,1.0,35.0,31.0,40.0,0.0,5.0,26.0,14.0,0.0,1.0,1.0,31.0,17.0,1.0,8.0,2.0,29.0,2.0,40.0,301.0,82.0,13.0,7.0,2.0,0.0,3.0,7.0,0.0,294.0,2.0,480.0,13.0,0.0,0.0,20.0,9.0,2.0,234.0,2.0,0.0,1.0,0.0,6.0,14.0,2.0,0.0,0.0,0.0,23.0,0.0,8.0,0.0,4888,319,0,4933,1735,31431,9616,17433,2508,2793,26311,17179,136,574,1668,30242,11211,2895,1905,2881,23870,865,12847,37262,31319,2352,4274,5743,433,1434,3708,1390,84716,1845,243382,6598,585,14,11602,2567,1910,32902,1213,3676,4377,1635,6708,19260,3069,803,53,8542,11819,890,4346,313,157,5,0,183,39,1175,419,1123,67,96,774,680,5,10,44,1287,562,75,93,140,1295,34,461,1686,2385,134,159,199,10,18,158,3,4362,55,18181,200,9,2,471,140,74,1276,62,3,120,7,147,490,27,37,3,164,636,7,220,1
4/20/20,191.0,2.0,0.0,135.0,193.0,2255.0,0.0,1868.0,206.0,134.0,745.0,981.0,0.0,4.0,4.0,1141.0,477.0,262.0,143.0,96.0,594.0,9.0,837.0,0.0,584.0,114.0,238.0,147.0,0.0,177.0,86.0,53.0,3421.0,126.0,5034.0,297.0,42.0,0.0,1317.0,113.0,47.0,1012.0,39.0,553.0,69.0,50.0,200.0,491.0,144.0,2.0,0.0,448.0,136.0,12.0,153.0,4.0,6.0,0.0,0.0,7.0,2.0,48.0,0.0,204.0,5.0,9.0,48.0,86.0,0.0,0.0,1.0,59.0,15.0,4.0,9.0,14.0,32.0,1.0,29.0,0.0,77.0,9.0,10.0,1.0,0.0,0.0,1.0,0.0,134.0,3.0,947.0,18.0,0.0,0.0,38.0,3.0,1.0,72.0,1.0,0.0,3.0,0.0,4.0,17.0,1.0,1.0,0.0,20.0,7.0,0.0,10.0,0.0,5079,321,0,5068,1928,33686,9616,19301,2714,2927,27056,18160,136,578,1672,31383,11688,3157,2048,2977,24464,874,13684,37262,31903,2466,4512,5890,433,1611,3794,1443,88137,1971,248416,6895,627,14,12919,2680,1957,33914,1252,4229,4446,1685,6908,19751,3213,805,53,8990,11955,902,4499,317,163,5,0,190,41,1223,419,1327,72,105,822,766,5,10,45,1346,577,79,102,154,1327,35,490,1686,2462,143,169,200,10,18,159,3,4496,58,19128,218,9,2,509,143,75,1348,63,3,123,7,151,507,28,38,3,184,643,7,230,1
4/21/20,238.0,8.0,0.0,188.0,17.0,1779.0,731.0,556.0,187.0,171.0,809.0,281.0,0.0,2.0,64.0,1484.0,409.0,463.0,116.0,154.0,331.0,13.0,509.0,3008.0,667.0,97.0,204.0,176.0,4.0,74.0,109.0,33.0,1177.0,0.0,5103.0,239.0,17.0,0.0,806.0,127.0,47.0,1335.0,46.0,271.0,-7.0,70.0,185.0,823.0,84.0,10.0,0.0,640.0,278.0,6.0,126.0,126.0,20.0,0.0,0.0,18.0,1.0,57.0,63.0,92.0,10.0,7.0,45.0,25.0,0.0,0.0,3.0,120.0,58.0,4.0,7.0,17.0,76.0,1.0,42.0,267.0,107.0,17.0,14.0,24.0,2.0,0.0,4.0,0.0,24.0,0.0,615.0,27.0,4.0,0.0,48.0,21.0,3.0,266.0,1.0,0.0,1.0,1.0,5.0,26.0,4.0,2.0,0.0,0.0,21.0,0.0,14.0,0.0,5317,329,0,5256,1945,35465,10347,19857,2901,3098,27865,18441,136,580,1736,32867,12097,3620,2164,3131,24795,887,14193,40270,32570,2563,4716,6066,437,1685,3903,1476,89314,1971,253519,7134,644,14,13725,2807,2004,35249,1298,4500,4439,1755,7093,20574,3297,815,53,9630,12233,908,4625,443,183,5,0,208,42,1280,482,1419,82,112,867,791,5,10,48,1466,635,83,109,171,1403,36,532,1953,2569,160,183,224,12,18,163,3,4520,58,19743,245,13,2,557,164,78,1614,64,3,124,8,156,533,32,40,3,184,664,7,244,1
4/22/20,276.0,6.0,0.0,217.0,236.0,1879.0,449.0,2062.0,271.0,108.0,444.0,1103.0,0.0,6.0,30.0,2012.0,341.0,124.0,167.0,175.0,403.0,18.0,582.0,1820.0,1356.0,155.0,178.0,211.0,2.0,116.0,172.0,95.0,5555.0,239.0,4703.0,361.0,35.0,0.0,392.0,87.0,55.0,833.0,-46.0,446.0,322.0,103.0,0.0,747.0,148.0,5.0,1.0,636.0,204.0,31.0,220.0,4.0,13.0,0.0,0.0,23.0,0.0,139.0,23.0,121.0,7.0,15.0,26.0,48.0,0.0,2.0,3.0,98.0,31.0,7.0,3.0,14.0,69.0,3.0,58.0,0.0,243.0,19.0,10.0,14.0,2.0,0.0,9.0,0.0,630.0,13.0,460.0,20.0,1.0,0.0,53.0,6.0,0.0,59.0,-1.0,0.0,16.0,1.0,0.0,23.0,0.0,0.0,0.0,165.0,22.0,0.0,4.0,0.0,5593,335,0,5473,2181,37344,10796,21919,3172,3206,28309,19544,136,586,1766,34879,12438,3744,2331,3306,25198,905,14775,42090,33926,2718,4894,6277,439,1801,4075,1571,94869,2210,258222,7495,679,14,14117,2894,2059,36082,1252,4946,4761,1858,7093,21321,3445,820,54,10266,12437,939,4845,447,196,5,0,231,42,1419,505,1540,89,127,893,839,5,12,51,1564,666,90,112,185,1472,39,590,1953,2812,179,193,238,14,18,172,3,5150,71,20203,265,14,2,610,170,78,1673,63,3,140,9,156,556,32,40,3,349,686,7,248,1
4/23/20,239.0,2.0,0.0,299.0,291.0,2217.0,374.0,659.0,133.0,155.0,1339.0,1000.0,3.0,4.0,70.0,1865.0,601.0,177.0,390.0,106.0,479.0,32.0,962.0,3196.0,1327.0,221.0,259.0,228.0,3.0,394.0,129.0,88.0,4048.0,169.0,5238.0,325.0,30.0,0.0,577.0,123.0,68.0,2297.0,164.0,304.0,156.0,98.0,866.0,1329.0,167.0,2.0,0.0,732.0,182.0,42.0,207.0,6.0,6.0,0.0,0.0,18.0,3.0,112.0,44.0,93.0,3.0,12.0,94.0,32.0,0.0,0.0,3.0,124.0,40.0,6.0,1.0,6.0,68.0,5.0,52.0,0.0,165.0,21.0,8.0,14.0,0.0,20.0,18.0,0.0,276.0,7.0,540.0,16.0,1.0,0.0,46.0,9.0,5.0,51.0,6.0,-3.0,10.0,0.0,14.0,48.0,3.0,3.0,0.0,24.0,25.0,24.0,10.0,0.0,5832,337,0,5772,2472,39561,11170,22578,3305,3361,29648,20544,139,590,1836,36744,13039,3921,2721,3412,25677,937,15737,45286,35253,2939,5153,6505,442,2195,4204,1659,98917,2379,263460,7820,709,14,14694,3017,2127,38379,1416,5250,4917,1956,7959,22650,3612,822,54,10998,12619,981,5052,453,202,5,0,249,45,1531,549,1633,92,139,987,871,5,12,54,1688,706,96,113,191,1540,44,642,1953,2977,200,201,252,14,38,190,3,5426,78,20743,281,15,2,656,179,83,1724,69,0,150,9,170,604,35,43,3,373,711,31,258,1
4/24/20,194.0,2.0,0.0,273.0,156.0,1794.0,983.0,836.0,133.0,167.0,885.0,584.0,2.0,5.0,34.0,2696.0,642.0,520.0,238.0,309.0,400.0,28.0,879.0,4892.0,1365.0,240.0,281.0,282.0,2.0,229.0,129.0,58.0,2747.0,142.0,8130.0,470.0,39.0,0.0,475.0,104.0,50.0,1829.0,-140.0,317.0,153.0,84.0,490.0,992.0,170.0,2.0,0.0,596.0,258.0,29.0,304.0,20.0,7.0,0.0,0.0,17.0,2.0,88.0,121.0,128.0,8.0,14.0,59.0,18.0,0.0,1.0,0.0,106.0,35.0,11.0,5.0,9.0,61.0,3.0,45.0,0.0,106.0,21.0,8.0,20.0,0.0,0.0,5.0,0.0,257.0,6.0,212.0,13.0,0.0,0.0,34.0,9.0,3.0,23.0,8.0,0.0,7.0,1.0,-2.0,20.0,4.0,1.0,0.0,38.0,11.0,1.0,5.0,0.0,6026,339,0,6045,2628,41355,12153,23414,3438,3528,30533,21128,141,595,1870,39440,13681,4441,2959,3721,26077,965,16616,50178,36618,3179,5434,6787,444,2424,4333,1717,101664,2521,271590,8290,748,14,15169,3121,2177,40208,1276,5567,5070,2040,8449,23642,3782,824,54,11594,12877,1010,5356,473,209,5,0,266,47,1619,670,1761,100,153,1046,889,5,13,54,1794,741,107,118,200,1601,47,687,1953,3083,221,209,272,14,38,195,3,5683,84,20955,294,15,2,690,188,86,1747,77,0,157,10,168,624,39,44,3,411,722,32,263,1
4/25/20,0.0,0.0,0.0,241.0,81.0,1013.0,684.0,647.0,135.0,171.0,305.0,495.0,0.0,3.0,17.0,2063.0,718.0,646.0,176.0,136.0,372.0,0.0,1150.0,2417.0,428.0,262.0,284.0,147.0,1.0,295.0,190.0,71.0,3302.0,139.0,10553.0,477.0,55.0,0.0,418.0,73.0,76.0,945.0,31.0,364.0,183.0,107.0,385.0,511.0,166.0,14.0,1.0,772.0,305.0,0.0,331.0,18.0,0.0,0.0,0.0,7.0,1.0,68.0,10.0,98.0,12.0,12.0,9.0,7.0,0.0,0.0,2.0,80.0,45.0,5.0,2.0,5.0,43.0,0.0,64.0,764.0,70.0,23.0,12.0,9.0,0.0,0.0,10.0,0.0,231.0,9.0,1054.0,11.0,1.0,0.0,21.0,6.0,1.0,46.0,6.0,0.0,9.0,0.0,8.0,14.0,2.0,2.0,0.0,26.0,15.0,0.0,3.0,0.0,6026,339,0,6286,2709,42368,12837,24061,3573,3699,30838,21623,141,598,1887,41503,14399,5087,3135,3857,26449,965,17766,52595,37046,3441,5718,6934,445,2719,4523,1788,104966,2660,282143,8767,803,14,15587,3194,2253,41153,1307,5931,5253,2147,8834,24153,3948,838,55,12366,13182,1010,5687,491,209,5,0,273,48,1687,680,1859,112,165,1055,896,5,13,56,1874,786,112,120,205,1644,47,751,2717,3153,244,221,281,14,38,205,3,5914,93,22009,305,16,2,711,194,87,1793,83,0,166,10,176,638,41,46,3,437,737,32,266,1
4/26/20,395.0,1.0,0.0,248.0,76.0,1190.0,432.0,686.0,452.0,142.0,693.0,219.0,0.0,1.0,10.0,2093.0,613.0,383.0,142.0,170.0,260.0,48.0,815.0,1536.0,702.0,152.0,193.0,185.0,3.0,301.0,116.0,71.0,3391.0,66.0,5902.0,229.0,64.0,0.0,385.0,60.0,58.0,1463.0,64.0,399.0,245.0,65.0,464.0,814.0,175.0,8.0,2.0,604.0,216.0,45.0,225.0,11.0,10.0,0.0,0.0,2.0,3.0,36.0,4.0,65.0,8.0,13.0,20.0,11.0,0.0,1.0,0.0,59.0,27.0,6.0,1.0,3.0,26.0,3.0,14.0,41.0,160.0,28.0,6.0,2.0,0.0,0.0,0.0,0.0,24.0,6.0,260.0,19.0,1.0,0.0,17.0,1.0,5.0,23.0,1.0,0.0,8.0,1.0,3.0,13.0,0.0,0.0,1.0,12.0,12.0,2.0,6.0,0.0,6421,340,0,6534,2785,43558,13269,24747,4025,3841,31531,21842,141,599,1897,43596,15012,5470,3277,4027,26709,1013,18581,54131,37748,3593,5911,7119,448,3020,4639,1859,108357,2726,288045,8996,867,14,15972,3254,2311,42616,1371,6330,5498,2212,9298,24967,4123,846,57,12970,13398,1055,5912,502,219,5,0,275,51,1723,684,1924,120,178,1075,907,5,14,56,1933,813,118,121,208,1670,50,765,2758,3313,272,227,283,14,38,205,3,5938,99,22269,324,17,2,728,195,92,1816,84,0,174,11,179,651,41,46,4,449,749,34,272,1
4/27/20,118.0,5.0,0.0,191.0,81.0,1408.0,434.0,766.0,126.0,51.0,606.0,800.0,0.0,1.0,0.0,1949.0,949.0,391.0,196.0,71.0,295.0,8.0,906.0,1536.0,437.0,218.0,183.0,185.0,1.0,304.0,61.0,68.0,2013.0,99.0,3951.0,431.0,75.0,0.0,353.0,27.0,43.0,942.0,18.0,218.0,115.0,32.0,288.0,354.0,113.0,6.0,0.0,568.0,185.0,8.0,169.0,18.0,9.0,0.0,0.0,0.0,0.0,54.0,18.0,87.0,5.0,7.0,13.0,73.0,0.0,2.0,0.0,50.0,31.0,9.0,5.0,5.0,27.0,1.0,93.0,237.0,92.0,14.0,2.0,60.0,0.0,0.0,0.0,0.0,106.0,0.0,399.0,16.0,2.0,0.0,25.0,2.0,0.0,70.0,0.0,0.0,3.0,0.0,2.0,15.0,0.0,1.0,0.0,11.0,15.0,0.0,9.0,0.0,6539,345,0,6725,2866,44966,13703,25513,4151,3892,32137,22642,141,600,1897,45545,15961,5861,3473,4098,27004,1021,19487,55667,38185,3811,6094,7304,449,3324,4700,1927,110370,2825,291996,9427,942,14,16325,3281,2354,43558,1389,6548,5613,2244,9586,25321,4236,852,57,13538,13583,1063,6081,520,228,5,0,275,51,1777,702,2011,125,185,1088,980,5,16,56,1983,844,127,126,213,1697,51,858,2995,3405,286,229,343,14,38,205,3,6044,99,22668,340,19,2,753,197,92,1886,84,0,177,11,181,666,41,47,4,460,764,34,281,1
4/28/20,211.0,6.0,0.0,230.0,41.0,1198.0,448.0,308.0,392.0,102.0,707.0,700.0,0.0,2.0,55.0,2222.0,627.0,502.0,179.0,227.0,221.0,18.0,626.0,2010.0,1038.0,364.0,248.0,145.0,2.0,170.0,121.0,76.0,2768.0,149.0,3110.0,328.0,49.0,0.0,444.0,129.0,31.0,1579.0,11.0,112.0,122.0,69.0,180.0,1036.0,109.0,7.0,0.0,801.0,180.0,32.0,208.0,16.0,14.0,0.0,0.0,0.0,6.0,85.0,31.0,75.0,12.0,5.0,83.0,41.0,0.0,0.0,4.0,142.0,57.0,9.0,1.0,12.0,61.0,0.0,52.0,153.0,160.0,15.0,10.0,-13.0,1.0,0.0,14.0,0.0,398.0,6.0,244.0,23.0,0.0,0.0,46.0,10.0,7.0,160.0,2.0,0.0,15.0,0.0,5.0,53.0,0.0,0.0,0.0,32.0,22.0,4.0,19.0,0.0,6750,351,0,6955,2907,46164,14151,25821,4543,3994,32844,23342,141,602,1952,47767,16588,6363,3652,4325,27225,1039,20113,57677,39223,4175,6342,7449,451,3494,4821,2003,113138,2974,295106,9755,991,14,16769,3410,2385,45137,1400,6660,5735,2313,9766,26357,4345,859,57,14339,13763,1095,6289,536,242,5,0,275,57,1862,733,2086,137,190,1171,1021,5,16,60,2125,901,136,127,225,1758,51,910,3148,3565,301,239,330,15,38,219,3,6442,105,22912,363,19,2,799,207,99,2046,86,0,192,11,186,719,41,47,4,492,786,38,300,1
4/29/20,162.0,4.0,0.0,254.0,58.0,2583.0,462.0,439.0,86.0,112.0,342.0,836.0,0.0,3.0,0.0,2237.0,594.0,460.0,187.0,162.0,374.0,15.0,736.0,2131.0,1137.0,462.0,227.0,210.0,0.0,334.0,113.0,48.0,2509.0,239.0,4585.0,425.0,42.0,0.0,534.0,63.0,61.0,1190.0,33.0,522.0,147.0,60.0,324.0,900.0,152.0,0.0,0.0,623.0,231.0,15.0,231.0,9.0,14.0,0.0,0.0,31.0,0.0,82.0,30.0,80.0,7.0,15.0,47.0,64.0,0.0,0.0,0.0,90.0,63.0,12.0,7.0,9.0,44.0,1.0,81.0,252.0,105.0,18.0,11.0,8.0,1.0,0.0,11.0,0.0,329.0,7.0,565.0,19.0,0.0,0.0,138.0,7.0,2.0,327.0,0.0,0.0,39.0,2.0,6.0,35.0,4.0,0.0,0.0,30.0,15.0,0.0,8.0,0.0,6912,355,0,7209,2965,48747,14613,26260,4629,4106,33186,24178,141,605,1952,50004,17182,6823,3839,4487,27599,1054,20849,59808,40360,4637,6569,7659,451,3828,4934,2051,115647,3213,299691,10180,1033,14,17303,3473,2446,46327,1433,7182,5882,2373,10090,27257,4497,859,57,14962,13994,1110,6520,545,256,5,0,306,57,1944,763,2166,144,205,1218,1085,5,16,60,2215,964,148,134,234,1802,52,991,3400,3670,319,250,338,16,38,230,3,6771,112,23477,382,19,2,937,214,101,2373,86,0,231,13,192,754,45,47,4,522,801,38,308,1
4/30/20,176.0,0.0,0.0,446.0,148.0,1383.0,513.0,978.0,80.0,217.0,497.0,730.0,4.0,4.0,32.0,2536.0,653.0,298.0,574.0,168.0,341.0,40.0,893.0,1982.0,986.0,490.0,246.0,158.0,2.0,405.0,119.0,92.0,2527.0,198.0,4681.0,574.0,34.0,0.0,724.0,145.0,64.0,1644.0,106.0,352.0,213.0,76.0,358.0,1470.0,175.0,4.0,9.0,885.0,273.0,15.0,334.0,14.0,16.0,0.0,0.0,12.0,4.0,85.0,11.0,87.0,8.0,19.0,50.0,33.0,0.0,0.0,0.0,139.0,43.0,14.0,0.0,5.0,60.0,1.0,66.0,157.0,118.0,24.0,11.0,12.0,0.0,29.0,6.0,57.0,457.0,11.0,110.0,24.0,0.0,0.0,39.0,8.0,2.0,102.0,6.0,0.0,13.0,0.0,6.0,58.0,1.0,2.0,0.0,30.0,13.0,3.0,8.0,0.0,7088,355,0,7655,3113,50130,15126,27238,4709,4323,33683,24908,145,609,1984,52540,17835,7121,4413,4655,27940,1094,21742,61790,41346,5127,6815,7817,453,4233,5053,2143,118174,3411,304372,10754,1067,14,18027,3618,2510,47971,1539,7534,6095,2449,10448,28727,4672,863,66,15847,14267,1125,6854,559,272,5,0,318,61,2029,774,2253,152,224,1268,1118,5,16,60,2354,1007,162,134,239,1862,53,1057,3557,3788,343,261,350,16,67,236,60,7228,123,23587,406,19,2,976,222,103,2475,92,0,244,13,198,812,46,49,4,552,814,41,316,1
5/1/20,206.0,9.0,0.0,314.0,51.0,1896.0,466.0,1155.0,185.0,335.0,1037.0,866.0,0.0,1.0,31.0,3152.0,795.0,700.0,221.0,174.0,708.0,29.0,1730.0,2124.0,986.0,590.0,397.0,250.0,0.0,775.0,195.0,152.0,2433.0,102.0,3942.0,316.0,40.0,0.0,716.0,130.0,69.0,1608.0,36.0,324.0,163.0,76.0,1152.0,965.0,156.0,13.0,0.0,1055.0,293.0,27.0,460.0,7.0,17.0,4.0,0.0,10.0,3.0,95.0,43.0,84.0,7.0,7.0,46.0,37.0,0.0,0.0,3.0,101.0,55.0,8.0,6.0,6.0,65.0,2.0,23.0,153.0,77.0,27.0,20.0,10.0,0.0,0.0,7.0,0.0,310.0,8.0,452.0,13.0,0.0,0.0,27.0,8.0,1.0,160.0,2.0,0.0,12.0,8.0,5.0,28.0,0.0,1.0,0.0,29.0,10.0,5.0,11.0,0.0,7294,364,0,7969,3164,52026,15592,28393,4894,4658,34720,25774,145,610,2015,55692,18630,7821,4634,4829,28648,1123,23472,63914,42332,5717,7212,8067,453,5008,5248,2295,120607,3513,308314,11070,1107,14,18743,3748,2579,49579,1575,7858,6258,2525,11600,29692,4828,876,66,16902,14560,1152,7314,566,289,9,0,328,64,2124,817,2337,159,231,1314,1155,5,16,63,2455,1062,170,140,245,1927,55,1080,3710,3865,370,281,360,16,67,243,60,7538,131,24039,419,19,2,1003,230,104,2635,94,0,256,21,203,840,46,50,4,581,824,46,327,1
5/2/20,317.0,1.0,0.0,395.0,30.0,1321.0,407.0,582.0,122.0,139.0,734.0,843.0,0.0,1.0,46.0,2535.0,665.0,727.0,251.0,-6.0,429.0,30.0,1001.0,1972.0,843.0,515.0,229.0,289.0,2.0,309.0,141.0,100.0,2434.0,219.0,4663.0,518.0,46.0,0.0,592.0,103.0,56.0,915.0,182.0,289.0,231.0,63.0,673.0,1225.0,157.0,7.0,0.0,836.0,343.0,33.0,346.0,13.0,-1.0,0.0,0.0,0.0,8.0,54.0,11.0,98.0,9.0,9.0,50.0,8.0,0.0,0.0,1.0,103.0,53.0,5.0,2.0,3.0,23.0,1.0,86.0,132.0,155.0,24.0,10.0,16.0,0.0,0.0,9.0,0.0,204.0,7.0,159.0,12.0,0.0,0.0,19.0,8.0,5.0,60.0,1.0,0.0,11.0,0.0,5.0,23.0,3.0,1.0,0.0,36.0,6.0,2.0,7.0,0.0,7611,365,0,8364,3194,53347,15999,28975,5016,4797,35454,26617,145,611,2061,58227,19295,8548,4885,4823,29077,1153,24473,65886,43175,6232,7441,8356,455,5317,5389,2395,123041,3732,312977,11588,1153,14,19335,3851,2635,50494,1757,8147,6489,2588,12273,30917,4985,883,66,17738,14903,1185,7660,579,288,9,0,328,72,2178,828,2435,168,240,1364,1163,5,16,64,2558,1115,175,142,248,1950,56,1166,3842,4020,394,291,376,16,67,252,60,7742,138,24198,431,19,2,1022,238,109,2695,95,0,267,21,208,863,49,51,4,617,830,48,334,1
5/3/20,277.0,3.0,0.0,276.0,69.0,1556.0,394.0,0.0,169.0,219.0,612.0,300.0,0.0,0.0,0.0,3015.0,638.0,503.0,271.0,245.0,200.0,32.0,989.0,1220.0,598.0,411.0,109.0,262.0,0.0,344.0,83.0,104.0,3062.0,118.0,3438.0,182.0,38.0,0.0,579.0,121.0,45.0,731.0,51.0,244.0,137.0,43.0,475.0,1081.0,190.0,10.0,0.0,934.0,219.0,10.0,304.0,7.0,2.0,0.0,0.0,0.0,4.0,36.0,10.0,0.0,9.0,11.0,15.0,7.0,0.0,1.0,0.0,60.0,17.0,9.0,2.0,5.0,19.0,1.0,46.0,155.0,33.0,24.0,12.0,5.0,0.0,0.0,3.0,0.0,129.0,12.0,510.0,3.0,0.0,0.0,17.0,0.0,0.0,25.0,2.0,0.0,8.0,0.0,1.0,15.0,1.0,2.0,0.0,43.0,4.0,0.0,5.0,0.0,7888,368,0,8640,3263,54903,16393,28975,5185,5016,36066,26917,145,611,2061,61242,19933,9051,5156,5068,29277,1185,25462,67106,43773,6643,7550,8618,455,5661,5472,2499,126103,3850,316415,11770,1191,14,19914,3972,2680,51225,1808,8391,6626,2631,12748,31998,5175,893,66,18672,15122,1195,7964,586,290,9,0,328,76,2214,838,2435,177,251,1379,1170,5,17,64,2618,1132,184,144,253,1969,57,1212,3997,4053,418,303,381,16,67,255,60,7871,150,24708,434,19,2,1039,238,109,2720,97,0,275,21,209,878,50,53,4,660,834,48,339,1
5/4/20,224.0,2.0,0.0,284.0,52.0,981.0,283.0,635.0,79.0,154.0,819.0,747.0,0.0,1.0,45.0,2321.0,574.0,557.0,227.0,119.0,333.0,18.0,946.0,1319.0,184.0,570.0,327.0,328.0,2.0,376.0,158.0,74.0,1519.0,181.0,2538.0,201.0,34.0,0.0,560.0,72.0,79.0,1591.0,35.0,128.0,131.0,37.0,343.0,785.0,142.0,5.0,0.0,821.0,288.0,29.0,272.0,10.0,8.0,0.0,0.0,0.0,4.0,62.0,9.0,118.0,5.0,7.0,20.0,55.0,0.0,0.0,0.0,41.0,19.0,4.0,12.0,8.0,22.0,0.0,28.0,86.0,85.0,9.0,7.0,5.0,0.0,0.0,7.0,0.0,39.0,0.0,291.0,8.0,0.0,0.0,18.0,0.0,0.0,118.0,0.0,0.0,8.0,0.0,5.0,23.0,0.0,-1.0,0.0,24.0,7.0,0.0,1.0,0.0,8112,370,0,8924,3315,55884,16676,29610,5264,5170,36885,27664,145,612,2106,63563,20507,9608,5383,5187,29610,1203,26408,68425,43957,7213,7877,8946,457,6037,5630,2573,127622,4031,318953,11971,1225,14,20474,4044,2759,52816,1843,8519,6757,2668,13091,32783,5317,898,66,19493,15410,1224,8236,596,298,9,0,328,80,2276,847,2553,182,258,1399,1225,5,17,64,2659,1151,188,156,261,1991,57,1240,4083,4138,427,310,386,16,67,262,60,7910,150,24999,442,19,2,1057,238,109,2838,97,0,283,21,214,901,50,52,4,684,841,48,340,1
5/5/20,325.0,1.0,0.0,381.0,47.0,2572.0,502.0,643.0,82.0,152.0,537.0,605.0,0.0,3.0,21.0,2090.0,526.0,503.0,265.0,578.0,323.0,23.0,709.0,1252.0,417.0,616.0,330.0,175.0,-1.0,336.0,30.0,48.0,2421.0,107.0,2239.0,539.0,41.0,0.0,495.0,83.0,80.0,1048.0,81.0,0.0,84.0,53.0,154.0,1129.0,132.0,5.0,0.0,764.0,147.0,22.0,330.0,8.0,17.0,0.0,0.0,65.0,3.0,103.0,51.0,78.0,5.0,6.0,72.0,53.0,0.0,0.0,1.0,175.0,60.0,19.0,5.0,14.0,51.0,4.0,63.0,122.0,44.0,27.0,32.0,23.0,0.0,0.0,5.0,0.0,334.0,12.0,125.0,30.0,0.0,0.0,78.0,9.0,4.0,341.0,2.0,0.0,13.0,3.0,7.0,24.0,6.0,0.0,0.0,29.0,21.0,0.0,13.0,0.0,8437,371,0,9305,3362,58456,17178,30253,5346,5322,37422,28269,145,615,2127,65653,21033,10111,5648,5765,29933,1226,27117,69677,44374,7829,8207,9121,456,6373,5660,2621,130043,4138,321192,12510,1266,14,20969,4127,2839,53864,1924,8519,6841,2721,13245,33912,5449,903,66,20257,15557,1246,8566,604,315,9,0,393,83,2379,898,2631,187,264,1471,1278,5,17,65,2834,1211,207,161,275,2042,61,1303,4205,4182,454,342,409,16,67,267,60,8244,162,25124,472,19,2,1135,247,113,3179,99,0,296,24,221,925,56,52,4,713,862,48,353,1
